Age,Income,Recency,TotalSpending,NumWebPurchases,NumCatalogPurchases,NumStorePurchases,NumWebVisitsMonth,TotalChildren
57,58138.0,58,1617,8,10,4,7,0
60,46344.0,38,27,1,1,2,5,2
49,71613.0,26,776,8,2,10,4,0
30,26646.0,26,53,2,0,4,6,1
33,58293.0,94,422,5,3,6,5,1
47,62513.0,16,716,6,4,10,6,1
43,55635.0,34,590,7,3,7,6,1
29,33454.0,32,169,4,0,4,8,1
40,30351.0,19,46,3,0,2,9,1
64,5648.0,68,49,1,0,0,20,2
31,51371.0,11,19,1,0,2,7,1
38,7500.0,59,61,2,0,3,8,0
55,63033.0,82,1102,3,4,8,2,0
62,59354.0,53,310,6,1,5,6,2
27,17323.0,38,46,1,0,3,8,0
68,82800.0,23,1315,7,6,12,3,0
34,41850.0,51,96,3,0,3,8,2
68,37760.0,20,317,4,1,6,7,0
65,76995.0,91,1782,11,4,9,5,1
29,33812.0,86,133,2,1,3,6,1
32,37040.0,41,316,4,2,5,8,0
35,2447.0,42,1730,0,28,0,1,1
65,58607.0,63,972,2,3,9,8,1
60,65324.0,0,544,6,2,9,4,1
63,40689.0,69,444,7,1,5,8,1
45,18589.0,89,75,2,1,3,7,0
38,53359.0,4,257,5,1,4,7,2
28,51371.0,19,637,27,0,0,1,1
25,38360.0,26,131,2,1,4,3,1
49,84618.0,96,1672,6,9,10,2,0
25,10979.0,34,30,3,0,3,5,0
51,38620.0,56,318,2,5,3,3,0
44,40548.0,31,120,2,1,4,5,1
62,46610.0,8,302,4,1,6,6,2
68,68657.0,4,1196,3,5,9,7,0
63,49389.0,55,65,2,0,3,7,2
44,67353.0,37,913,5,6,12,2,1
38,23718.0,76,81,3,1,2,7,1
41,42429.0,99,67,1,1,3,5,1
71,48948.0,53,902,7,10,5,6,0
34,80011.0,3,1395,8,6,5,4,1
29,20559.0,88,53,2,0,3,8,1
57,21994.0,4,22,0,0,3,5,1
55,51371.0,80,186,1,3,4,2,0
39,7500.0,19,31,2,0,3,5,1
38,79941.0,72,984,2,4,9,1,0
18,7500.0,24,122,3,1,3,9,0
46,41728.0,92,55,2,0,2,10,1
63,51371.0,96,124,2,1,4,6,3
60,72550.0,39,1319,5,2,12,8,2
57,65486.0,29,507,4,2,10,2,1
50,79143.0,2,1693,6,9,13,3,0
37,35790.0,54,72,2,0,3,7,1
37,82582.0,54,1617,4,9,7,1,0
36,66373.0,57,606,4,2,10,3,2
59,82384.0,55,1957,3,10,13,1,0
48,70287.0,30,1093,5,5,10,3,0
26,27938.0,31,29,1,0,4,3,1
32,51371.0,57,46,2,0,3,6,1
46,55954.0,63,518,8,2,6,7,1
32,75777.0,12,1438,3,6,11,1,0
39,66653.0,18,612,4,2,12,3,2
62,61823.0,26,884,8,2,10,7,1
63,67680.0,8,606,7,3,8,5,1
66,70666.0,29,1076,7,4,4,4,0
43,25721.0,75,34,1,1,2,7,1
47,32474.0,0,11,1,0,2,7,2
35,88194.0,19,1274,11,10,10,5,1
56,69096.0,4,653,5,2,10,4,1
44,74854.0,90,1562,2,5,5,5,3
60,66991.0,1,1253,4,8,6,3,0
41,51371.0,25,109,3,0,3,8,1
55,65031.0,29,863,10,3,13,7,1
39,60631.0,88,661,9,2,8,7,2
62,28332.0,58,65,2,1,4,2,0
37,40246.0,68,13,1,0,2,6,1
42,75251.0,34,1890,7,6,5,5,0
38,75825.0,40,2209,5,8,9,4,0
38,26326.0,12,18,0,0,3,3,0
49,56046.0,9,692,10,1,8,8,0
29,29760.0,87,165,3,1,4,8,1
45,26304.0,5,16,1,0,2,7,1
41,23559.0,87,79,3,0,3,7,1
51,38620.0,56,318,2,5,3,3,0
27,81361.0,18,778,3,10,13,1,0
54,29440.0,95,56,1,0,4,7,2
44,36138.0,48,151,3,1,4,7,2
57,50388.0,3,372,6,1,6,7,1
41,79593.0,70,1366,5,6,7,2,0
47,54178.0,79,194,2,2,5,2,1
57,51371.0,4,603,7,2,8,9,3
57,51371.0,45,18,1,0,2,7,2
41,51371.0,87,985,2,4,8,1,0
42,42394.0,69,32,1,0,3,7,1
44,23626.0,84,43,3,1,3,5,1
31,30096.0,30,45,2,0,3,6,1
54,47916.0,72,606,7,4,6,6,1
42,51813.0,37,63,2,0,3,7,2
63,78497.0,44,978,5,7,12,2,0
31,50150.0,32,410,5,2,7,5,0
54,47823.0,0,72,2,0,3,8,1
55,34554.0,43,55,2,0,3,6,1
35,85693.0,59,1169,9,5,11,5,1
69,65846.0,68,1120,6,3,6,4,0
55,87195.0,35,1097,3,11,5,1,0
35,24594.0,94,29,1,0,3,5,1
50,49096.0,15,187,4,1,4,7,2
45,52413.0,56,910,6,4,12,6,2
36,38557.0,17,145,3,1,3,7,1
54,89058.0,18,850,5,4,4,2,0
35,77298.0,46,969,6,6,11,3,1
23,68126.0,40,1820,7,4,5,9,0
51,57288.0,27,608,8,1,8,6,1
23,86037.0,95,730,6,7,11,3,0
34,43974.0,19,551,6,4,6,7,1
52,50785.0,27,114,2,1,3,6,2
44,90765.0,25,1724,4,6,5,1,0
36,36550.0,74,577,9,1,5,9,1
47,30753.0,85,81,1,1,3,5,2
45,21918.0,37,33,2,0,3,6,1
61,56129.0,65,660,6,2,10,4,1
47,32557.0,13,80,2,1,3,5,1
29,19510.0,63,30,1,0,3,7,2
38,30992.0,83,43,1,0,3,7,1
31,101970.0,69,1135,6,8,13,2,0
49,71488.0,87,559,3,4,7,1,0
30,79607.0,37,1923,3,6,6,1,0
61,54348.0,51,90,2,0,4,6,2
53,51371.0,23,404,6,1,7,6,1
58,77376.0,72,661,6,3,10,4,2
62,62998.0,10,463,5,4,5,5,1
56,61331.0,42,632,11,1,6,8,2
45,73448.0,10,725,7,2,9,4,0
51,51371.0,96,725,6,5,7,4,1
50,41551.0,51,279,5,1,5,8,2
47,62981.0,21,1482,4,5,13,3,0
38,9548.0,31,29,1,0,3,8,1
55,33762.0,61,106,2,2,2,8,3
41,35860.0,37,49,1,1,2,5,2
49,36921.0,74,38,2,0,3,7,2
22,92859.0,46,2077,5,4,12,2,0
38,65104.0,4,1053,3,5,7,7,1
52,86111.0,73,1385,5,7,10,2,0
40,68352.0,47,871,8,5,9,6,1
26,41883.0,13,312,4,2,3,7,1
38,59809.0,36,877,3,3,6,8,2
39,23957.0,47,68,2,0,3,6,1
33,38547.0,49,22,1,0,2,8,1
41,35688.0,94,211,4,1,4,8,3
48,49605.0,65,127,2,1,4,3,0
61,59354.0,59,459,4,4,7,3,2
45,65747.0,96,460,8,1,6,6,1
42,46344.0,28,429,7,1,5,7,1
26,34176.0,12,89,3,0,4,6,1
62,61010.0,57,1021,8,5,11,5,1
65,69372.0,10,1381,10,4,6,4,0
56,49967.0,4,306,6,1,5,7,1
36,60199.0,49,18,0,0,3,4,3
37,55375.0,3,162,1,1,6,2,1
59,80317.0,64,1231,3,4,10,1,0
56,30523.0,0,13,1,0,2,7,3
69,70356.0,20,1706,10,6,9,6,0
30,23228.0,91,121,3,0,4,8,1
39,74165.0,9,1293,5,4,10,2,0
41,157243.0,98,1608,0,22,0,0,1
48,43482.0,83,88,2,0,4,6,3
61,62551.0,27,421,6,7,4,3,0
55,52332.0,63,259,3,2,6,4,0
26,66951.0,46,1117,3,4,7,1,0
57,26091.0,84,89,2,1,3,5,2
49,33456.0,58,36,1,0,3,7,2
32,28718.0,78,57,2,0,3,8,1
44,50447.0,4,148,3,1,3,6,2
55,53537.0,17,93,2,1,3,5,2
47,52074.0,77,119,2,2,2,4,1
39,80427.0,56,1835,11,8,8,5,1
66,83837.0,79,1318,9,10,5,4,0
44,38853.0,90,45,2,0,3,7,2
55,38285.0,96,10,0,0,3,2,3
63,78497.0,44,978,5,7,12,2,0
38,51650.0,81,191,4,1,4,5,1
26,16248.0,77,57,2,1,3,6,1
68,66835.0,21,1033,6,4,13,2,0
30,30477.0,16,66,1,1,3,6,1
53,28249.0,80,43,2,0,3,6,0
31,25271.0,45,50,1,1,2,9,1
44,32303.0,63,39,1,0,4,5,1
48,61286.0,34,608,7,1,8,5,1
38,74068.0,14,1581,4,10,9,2,0
50,45759.0,13,68,2,0,3,7,2
36,24882.0,52,80,1,1,2,6,1
25,66973.0,98,1282,8,7,12,3,0
26,38872.0,93,91,3,0,3,8,1
41,51148.0,38,315,5,1,6,6,2
37,31353.0,24,31,1,1,2,8,2
34,69661.0,80,834,7,3,12,3,0
60,80067.0,82,1600,4,6,6,2,0
60,86718.0,20,1270,5,6,5,2,0
41,46854.0,81,263,5,1,3,8,2
62,69142.0,50,535,8,1,7,5,1
46,75922.0,60,1295,4,4,9,1,0
36,63693.0,63,1150,11,6,9,6,1
37,102160.0,54,1240,7,9,10,4,0
49,40637.0,72,38,1,0,3,7,2
30,18890.0,5,35,0,1,2,6,0
26,29604.0,88,53,1,0,3,9,1
51,48721.0,50,293,4,2,5,6,2
48,44794.0,99,65,2,0,3,6,1
60,64497.0,17,1804,11,4,9,8,1
58,46097.0,11,241,3,1,6,4,1
60,77972.0,18,1101,4,6,9,1,0
46,44377.0,70,264,5,1,5,8,2
40,46014.0,21,541,7,1,8,7,2
29,70951.0,66,1198,3,4,9,1,0
37,41443.0,79,482,8,1,5,8,1
36,52195.0,2,17,1,0,2,8,3
66,83790.0,81,1615,8,10,6,3,0
60,44551.0,24,285,4,1,5,7,1
34,69508.0,48,1135,11,4,11,6,1
26,45204.0,93,114,1,1,4,3,1
45,72460.0,56,1047,3,5,7,1,0
44,77622.0,3,714,6,3,11,3,2
34,30732.0,44,185,4,1,4,8,1
52,63887.0,38,1245,9,6,12,6,1
36,42011.0,46,189,3,1,4,8,1
38,51369.0,84,576,8,2,4,8,1
62,51537.0,27,1103,2,2,11,8,1
42,79930.0,72,1753,3,5,8,2,0
28,34320.0,66,17,1,0,2,8,1
48,37070.0,30,433,5,1,8,7,2
52,81975.0,2,1588,6,3,4,7,1
43,38590.0,65,22,1,0,2,8,1
63,15033.0,37,19,1,0,3,3,0
49,62745.0,89,1117,7,8,11,5,1
39,22212.0,49,69,2,0,4,6,1
32,23661.0,46,23,1,0,3,7,1
56,79761.0,32,605,5,2,11,3,1
41,7500.0,54,57,3,1,3,7,1
46,73455.0,98,2088,6,5,10,3,0
56,64961.0,97,1009,6,4,4,3,1
43,22804.0,75,26,2,0,2,9,1
24,73687.0,8,1627,3,9,9,2,0
56,61074.0,37,1102,11,5,8,7,1
50,31686.0,31,17,1,0,3,6,2
42,80134.0,40,1690,5,3,6,6,1
61,75027.0,74,1390,9,4,6,5,1
26,67546.0,90,2126,4,10,5,3,0
45,65176.0,57,1531,9,6,6,6,1
39,31160.0,59,64,2,0,3,8,1
29,29938.0,52,26,1,0,3,6,1
40,102692.0,5,1112,6,9,13,2,0
56,26490.0,92,210,3,1,5,6,0
47,75702.0,77,1148,4,6,11,8,2
40,30899.0,35,33,1,0,3,6,1
53,63342.0,48,1101,8,3,5,6,1
50,45989.0,97,322,3,2,7,3,1
50,18701.0,95,44,2,0,4,5,2
57,40737.0,24,17,1,0,2,8,3
35,15287.0,60,31,1,1,2,7,1
46,69674.0,46,845,10,2,10,5,2
44,44159.0,85,275,4,1,6,5,1
36,37717.0,31,25,1,0,2,9,1
62,43776.0,9,275,5,2,4,8,2
48,38179.0,30,90,3,1,3,7,2
51,80124.0,47,1495,3,7,8,1,0
44,38097.0,70,184,3,2,2,7,2
44,72940.0,13,981,3,3,6,1,0
44,22070.0,11,67,2,2,2,6,1
61,69267.0,31,1635,3,4,5,7,0
31,31788.0,15,60,3,0,4,5,1
39,61905.0,2,231,4,2,4,5,1
54,29315.0,55,48,2,0,4,6,2
51,33378.0,38,99,2,0,4,7,2
51,66313.0,86,770,6,3,12,4,1
58,60714.0,56,957,7,4,10,5,0
33,77882.0,29,818,3,3,5,1,0
28,69867.0,30,925,3,5,8,1,0
46,63841.0,64,908,9,3,9,6,1
33,24480.0,46,102,3,0,4,7,1
38,51369.0,84,576,8,2,4,8,1
68,37760.0,20,317,4,1,6,7,0
40,65640.0,74,461,5,1,8,2,1
39,44319.0,18,37,2,0,3,5,2
40,30631.0,75,70,3,1,2,7,1
62,75278.0,17,930,6,3,13,3,0
58,50898.0,88,859,6,2,12,5,2
48,79946.0,19,1478,5,11,5,3,0
65,35416.0,62,390,7,1,5,8,0
30,32414.0,11,52,1,0,3,7,0
45,38361.0,74,137,3,1,3,7,1
34,82497.0,32,1919,2,7,9,4,0
43,16626.0,76,68,3,0,3,9,2
49,29672.0,6,25,0,0,3,6,2
62,55951.0,62,1374,3,6,11,8,1
26,35388.0,20,32,1,0,3,7,1
28,42386.0,43,100,3,0,3,8,1
32,68627.0,45,825,2,3,6,1,0
49,57912.0,34,916,8,3,12,5,1
56,35246.0,53,62,3,1,3,5,2
58,58821.0,44,728,9,2,9,6,1
36,46377.0,89,90,2,1,3,4,1
26,39747.0,43,273,5,1,4,8,1
30,23976.0,68,66,3,1,3,7,1
53,80950.0,44,1213,6,7,9,2,0
48,27038.0,64,107,3,0,3,9,0
67,77457.0,85,1157,2,5,10,1,0
50,64100.0,93,546,8,3,6,7,1
22,42670.0,12,241,4,2,4,4,0
38,12571.0,86,53,3,1,3,6,1
47,22574.0,28,37,2,0,3,7,3
25,51371.0,69,1611,6,5,12,3,0
38,70893.0,42,1508,6,6,10,3,0
48,54198.0,13,235,3,1,6,4,2
58,28839.0,86,32,2,0,3,5,2
42,40321.0,59,102,3,0,3,7,2
29,66503.0,30,401,4,3,6,3,1
63,30833.0,33,28,1,0,3,5,2
44,51371.0,67,1052,2,3,10,7,3
43,64795.0,23,680,3,3,12,2,1
40,34421.0,81,30,1,0,2,7,1
49,47025.0,6,20,1,0,2,7,2
53,64325.0,41,1307,10,3,5,7,1
61,40464.0,78,630,8,2,8,8,1
57,62187.0,49,1283,4,8,5,3,0
38,14849.0,39,65,2,0,4,8,1
30,27255.0,3,37,1,0,3,7,1
64,54432.0,37,38,1,0,3,4,3
28,29999.0,22,160,3,1,4,8,1
31,24072.0,79,23,1,0,2,8,1
25,33996.0,46,71,1,1,3,4,0
58,66334.0,82,1161,9,3,5,5,1
43,35178.0,10,59,1,1,2,7,1
31,22010.0,51,33,2,0,3,8,1
54,62204.0,38,946,4,5,12,3,2
46,75693.0,10,1442,11,4,6,4,0
42,30675.0,14,62,1,0,3,8,1
49,83003.0,18,1674,7,6,8,3,0
26,68655.0,95,1538,4,5,11,3,0
28,41411.0,11,139,2,1,4,6,0
45,55212.0,65,1182,4,2,11,8,1
64,59292.0,71,507,3,5,8,3,1
41,27190.0,13,18,1,0,2,8,1
62,82623.0,58,940,2,9,4,1,0
49,44300.0,65,42,1,0,3,6,2
44,84835.0,0,1190,4,4,6,1,0
43,30372.0,33,44,2,0,3,7,2
38,33181.0,90,16,1,0,2,6,1
57,71113.0,95,835,6,7,9,4,1
28,71952.0,93,1443,8,4,8,4,1
48,69759.0,38,1029,4,6,5,3,0
40,72099.0,18,1188,3,4,10,1,0
38,60000.0,57,1277,11,3,5,6,1
36,38643.0,45,49,2,0,3,7,2
59,50737.0,61,99,2,0,4,6,1
45,68462.0,6,1670,3,3,8,1,0
71,65073.0,65,900,5,3,5,2,0
66,46681.0,52,425,4,6,4,5,2
57,78618.0,87,2153,4,7,10,2,0
45,62187.0,38,636,6,2,10,4,1
36,28442.0,53,57,2,1,4,4,2
36,37717.0,31,25,1,0,2,9,1
47,51479.0,67,494,6,3,6,7,2
45,54803.0,65,693,6,2,9,4,1
54,79530.0,64,1348,4,10,11,2,0
38,31615.0,82,51,2,0,3,7,1
52,72025.0,27,1932,4,3,8,3,0
39,52614.0,63,990,2,4,8,8,1
30,35684.0,66,30,1,0,3,6,1
39,48178.0,69,254,5,1,4,8,2
44,29548.0,52,29,1,1,2,4,1
48,63810.0,45,1371,4,3,12,8,1
42,38578.0,2,73,3,0,3,8,2
39,46098.0,86,120,3,2,2,8,2
44,22585.0,23,81,1,1,2,9,0
25,30279.0,13,37,1,0,3,8,1
53,66426.0,14,1377,3,5,10,6,1
45,30822.0,92,51,1,0,3,7,1
45,33581.0,38,17,1,0,2,8,2
29,19986.0,74,22,0,0,3,7,1
60,27421.0,14,324,4,1,6,7,0
41,35688.0,94,211,4,1,4,8,3
33,36143.0,33,19,0,1,2,3,1
43,10245.0,32,41,1,2,2,5,1
46,43795.0,11,492,7,3,4,7,1
54,63381.0,78,1005,4,5,13,2,1
65,38823.0,56,114,2,1,3,6,1
46,83664.0,57,1173,2,2,12,5,2
35,90300.0,7,1738,5,6,8,1,0
35,62499.0,0,222,3,1,6,4,1
21,74293.0,66,1127,5,4,6,2,0
68,51012.0,86,209,4,1,4,6,0
46,70777.0,80,787,5,3,12,3,1
23,68682.0,56,1598,4,9,10,2,0
43,43824.0,18,186,3,1,4,8,2
30,15345.0,51,47,1,1,2,8,1
27,23442.0,71,27,1,0,3,7,1
34,14515.0,71,96,2,2,3,7,1
58,31395.0,80,64,2,1,3,6,2
49,75276.0,2,1040,9,4,9,5,0
40,42373.0,83,163,2,1,5,5,2
54,30507.0,29,343,5,1,4,7,0
59,55521.0,11,446,6,3,6,7,3
49,48006.0,55,41,1,0,3,6,2
42,27213.0,19,70,2,0,4,8,1
43,65808.0,1,272,5,1,5,6,2
40,30351.0,19,46,3,0,2,9,1
51,50437.0,28,490,7,1,8,7,2
32,23616.0,76,79,3,0,3,8,1
38,53858.0,50,915,4,3,6,4,1
59,66465.0,1,1485,11,9,12,6,1
27,46923.0,90,369,5,1,7,7,1
52,75072.0,83,1073,5,4,8,3,1
71,75865.0,73,1242,3,5,10,1,0
39,19789.0,24,78,2,1,3,5,1
20,80134.0,11,1378,2,7,11,5,0
33,91065.0,33,1474,7,9,9,3,0
43,49505.0,4,751,10,2,8,8,2
41,37401.0,14,48,2,0,3,7,1
31,30096.0,30,45,2,0,3,6,1
32,18492.0,75,10,1,0,2,8,1
40,82584.0,26,1435,3,4,8,1,0
73,93027.0,77,2119,7,10,5,2,0
61,48686.0,8,20,1,0,2,8,3
28,92910.0,42,1795,6,7,13,1,0
25,75433.0,28,1188,2,5,10,6,1
25,10404.0,52,43,1,0,4,5,1
46,61314.0,1,1008,5,5,12,3,1
53,84865.0,1,1688,2,4,9,4,0
25,42387.0,42,684,8,1,7,8,1
47,67309.0,76,1082,9,6,9,7,2
50,75236.0,27,1068,8,3,13,4,1
44,30015.0,28,57,1,0,4,5,1
58,50943.0,49,46,1,0,3,5,1
48,67272.0,12,733,6,2,12,5,1
65,51529.0,14,467,9,1,5,8,1
43,32011.0,89,122,2,1,4,7,1
28,7500.0,96,36,2,0,3,8,1
25,28691.0,56,34,1,0,3,8,1
66,56223.0,72,156,2,1,5,4,1
68,18100.0,14,14,0,0,3,5,0
25,30279.0,13,37,1,0,3,8,1
40,20130.0,99,34,1,0,3,8,0
55,23295.0,72,20,1,0,2,8,0
42,42618.0,92,192,5,0,4,8,1
50,81246.0,87,1379,4,5,7,1,0
38,24027.0,7,48,2,0,3,8,1
61,55707.0,91,428,3,2,9,3,1
59,57959.0,71,868,4,7,11,3,1
45,56796.0,24,1001,8,9,7,7,1
43,36230.0,17,59,2,0,4,5,1
34,70829.0,87,431,4,2,8,3,2
38,65991.0,21,971,9,5,10,7,1
42,38988.0,90,348,5,1,6,8,3
48,89572.0,44,2059,7,7,9,4,0
30,42207.0,71,265,4,1,5,6,1
62,50300.0,52,270,2,1,8,2,1
32,66664.0,78,1289,5,7,6,3,0
50,60597.0,2,893,2,2,8,7,1
65,70165.0,60,926,3,7,11,1,0
56,50520.0,25,135,3,1,3,6,1
51,80124.0,47,1495,3,7,8,1,0
39,33183.0,46,120,4,0,3,7,1
45,66582.0,83,1288,2,8,9,1,0
59,75261.0,17,1743,5,6,5,2,0
44,31880.0,13,15,1,0,2,8,1
63,53790.0,86,542,7,2,8,6,2
43,49269.0,92,890,7,3,12,7,1
39,61456.0,47,1388,6,10,13,4,1
34,37406.0,18,17,1,0,2,8,1
33,56937.0,81,906,8,6,9,6,1
36,38415.0,91,44,1,0,3,7,2
26,20518.0,58,25,1,1,2,5,1
58,62503.0,40,973,8,3,11,5,1
42,41644.0,67,31,1,0,3,3,2
37,55842.0,19,518,7,1,8,5,1
42,62010.0,93,530,6,2,7,5,1
37,41124.0,41,506,7,3,4,8,1
41,38961.0,60,70,2,1,2,7,1
42,37760.0,54,54,2,0,3,6,1
40,32233.0,26,296,6,2,2,9,1
39,43057.0,30,266,4,2,5,5,1
54,83151.0,93,747,5,9,4,3,0
50,78825.0,35,895,5,10,13,3,0
38,65104.0,4,1053,3,5,7,7,1
40,60093.0,92,735,7,2,10,6,1
45,14045.0,24,20,1,0,3,7,1
62,28457.0,96,205,4,1,4,8,0
56,78952.0,11,2092,2,5,12,6,1
38,46310.0,99,309,6,1,5,8,1
59,76005.0,72,1722,3,5,13,6,0
50,58308.0,77,900,2,6,3,8,1
70,55614.0,85,682,9,4,6,7,0
52,59432.0,88,663,5,3,11,5,1
36,55563.0,22,43,2,0,3,3,1
43,78642.0,83,1816,4,9,4,6,1
65,67911.0,63,976,6,7,11,3,1
70,65275.0,9,746,4,3,13,2,0
64,27203.0,92,64,1,1,2,8,2
53,48330.0,2,32,1,0,3,5,1
24,24279.0,6,263,4,1,3,8,0
29,64355.0,66,1445,4,3,12,8,1
58,50943.0,49,46,1,0,3,5,1
61,53653.0,29,1210,10,4,12,6,0
38,65665.0,77,945,5,10,8,3,1
25,81217.0,77,1157,3,7,11,1,0
22,34935.0,71,137,2,1,4,7,0
55,61250.0,49,730,5,2,12,5,1
33,39665.0,97,216,4,2,3,7,1
35,60152.0,6,943,6,4,12,3,1
50,48920.0,93,347,6,2,5,7,2
55,89120.0,78,1924,5,6,7,1,0
68,44124.0,62,397,6,2,5,8,1
39,81169.0,47,2089,5,7,9,2,0
53,36443.0,9,138,3,1,3,8,2
24,26095.0,77,42,1,0,3,7,1
55,71367.0,24,777,4,5,7,2,0
70,80184.0,19,1902,6,3,10,3,0
49,30630.0,67,52,2,0,3,7,2
27,73454.0,95,1651,2,4,6,5,0
23,42691.0,48,358,5,1,6,5,0
61,70503.0,73,1727,2,4,9,6,0
27,25545.0,35,210,2,2,3,6,1
28,32880.0,76,42,1,0,3,8,1
56,77863.0,20,1291,4,5,10,2,0
37,50353.0,72,442,4,4,6,3,0
50,61839.0,20,1895,4,8,4,8,0
54,49154.0,69,411,4,1,8,6,2
39,47682.0,80,521,4,3,8,5,1
45,72679.0,65,1168,4,7,5,1,1
37,57954.0,52,493,8,2,6,7,2
52,65316.0,65,260,3,2,5,4,2
32,28567.0,57,46,2,0,3,6,1
63,47352.0,70,319,6,1,5,7,1
47,44931.0,0,96,2,1,3,5,1
47,76982.0,19,1062,8,3,4,4,0
62,57247.0,50,232,2,1,7,2,1
33,22944.0,67,76,3,0,3,7,1
37,25315.0,46,54,3,0,3,8,1
45,43638.0,37,201,4,1,4,7,1
30,42710.0,38,406,4,5,3,6,1
32,84169.0,9,1919,7,6,6,3,0
38,54058.0,56,662,4,6,8,3,1
24,24683.0,98,41,2,0,4,5,1
50,85620.0,68,1600,3,6,4,1,0
34,47850.0,72,134,3,0,4,6,1
46,19514.0,47,69,3,1,2,8,2
41,27159.0,33,21,1,0,3,6,2
51,39548.0,87,54,1,1,3,3,2
25,21474.0,0,91,3,1,2,7,1
43,60504.0,73,526,6,2,8,6,1
51,22419.0,74,162,3,2,2,8,0
65,81698.0,4,1008,3,8,13,1,0
62,43462.0,50,240,4,1,5,8,2
36,54880.0,57,795,6,2,11,5,1
32,79908.0,30,1772,5,6,7,2,0
44,15315.0,27,64,2,0,4,5,0
55,87771.0,61,1957,5,10,4,6,1
36,33039.0,4,78,2,0,4,5,1
34,81741.0,75,1572,6,6,7,2,0
43,71499.0,12,795,8,3,13,4,1
44,62466.0,13,889,6,3,12,4,1
51,48799.0,9,331,3,2,7,3,1
64,52157.0,48,265,3,2,5,4,1
52,66565.0,80,1065,4,2,9,8,1
63,29298.0,60,11,1,0,2,5,2
35,47691.0,43,21,1,0,2,6,1
44,38200.0,19,17,1,0,2,7,2
40,44989.0,26,369,5,1,5,6,1
46,38443.0,58,38,1,0,3,7,2
36,38593.0,42,177,4,1,3,8,1
44,64413.0,27,279,5,1,5,5,1
33,36959.0,56,62,2,0,3,8,1
37,61996.0,27,1230,6,4,8,5,1
46,51287.0,10,182,4,1,3,7,2
44,13260.0,48,49,3,0,3,8,2
48,47472.0,39,75,2,0,4,5,2
58,54603.0,85,227,4,2,4,7,2
40,45207.0,64,215,3,1,6,6,2
63,40689.0,69,444,7,1,5,8,1
47,47821.0,54,47,1,0,3,8,2
63,27450.0,57,143,2,1,3,7,0
31,39453.0,64,55,2,0,3,6,1
43,26850.0,10,63,2,1,4,4,2
59,79800.0,65,1867,5,11,5,3,0
53,61794.0,74,611,4,4,10,2,1
59,53863.0,4,473,7,1,7,7,1
55,24221.0,94,55,1,1,3,4,0
30,39684.0,41,81,2,1,2,7,1
39,92163.0,25,2086,5,11,5,2,0
49,69882.0,94,1478,3,7,9,1,0
37,33178.0,9,49,1,0,3,4,1
42,59973.0,47,382,3,4,7,1,0
39,17459.0,12,69,3,1,2,7,1
45,23910.0,80,67,2,0,3,7,1
45,42169.0,20,30,1,0,3,8,2
36,26224.0,39,63,2,1,3,6,1
33,31089.0,57,79,3,0,4,8,1
53,30081.0,27,42,1,0,3,7,1
54,62807.0,83,819,5,3,12,5,1
59,72906.0,79,1151,3,4,9,1,0
66,61467.0,69,594,5,2,10,5,2
48,49618.0,77,129,3,1,3,7,2
28,21888.0,15,213,5,1,2,10,1
41,42429.0,99,67,1,1,3,5,1
58,26150.0,61,28,1,0,3,7,3
39,30801.0,23,45,1,0,3,7,1
49,81168.0,84,1193,6,4,7,3,0
45,26877.0,74,268,3,1,6,6,0
70,45006.0,90,266,3,1,7,3,0
41,18978.0,41,37,1,0,3,8,1
47,22574.0,28,37,2,0,3,7,3
45,48240.0,73,882,6,3,13,5,0
40,45837.0,88,373,6,2,5,7,2
49,35791.0,94,35,1,0,3,8,3
38,162397.0,31,107,0,0,1,1,2
36,54162.0,31,42,1,0,3,4,2
54,30522.0,6,326,1,2,9,2,1
53,54456.0,23,404,6,1,7,6,1
43,31632.0,92,95,2,1,2,7,0
65,72298.0,52,939,4,3,6,1,0
36,36975.0,50,33,1,0,3,7,1
59,72635.0,54,981,6,8,6,3,0
38,13624.0,93,36,2,0,3,6,1
39,84196.0,56,1237,8,4,7,3,1
54,70971.0,28,1825,11,11,5,7,1
37,34487.0,94,103,3,0,3,9,2
37,28769.0,76,191,4,1,4,9,1
44,69084.0,43,1586,7,3,13,8,1
56,65488.0,46,963,3,4,6,1,0
44,62466.0,13,889,6,3,12,4,1
54,32218.0,27,93,2,1,3,7,0
41,83917.0,12,1587,6,7,7,3,0
52,46102.0,3,16,1,0,2,7,3
62,84574.0,72,1375,9,11,11,5,0
52,56181.0,6,393,4,2,7,4,1
64,63120.0,53,1477,8,4,9,7,1
43,73691.0,58,1179,6,2,8,2,1
54,63381.0,78,1005,4,5,13,2,1
66,76140.0,57,1348,5,9,6,2,0
55,62859.0,37,1307,9,4,6,6,1
50,45906.0,20,486,5,4,4,5,1
67,77632.0,73,2252,4,2,6,2,0
43,46463.0,56,235,3,1,6,6,2
44,105471.0,36,1724,9,8,13,3,0
44,55282.0,9,235,3,1,6,4,1
37,78710.0,42,1092,7,6,12,4,1
56,66886.0,28,599,7,1,7,5,1
54,98777.0,23,2008,4,6,9,1,0
29,29103.0,38,48,1,0,3,9,1
40,67445.0,63,1174,9,6,12,6,1
64,50616.0,71,67,1,1,4,2,1
59,49431.0,9,365,7,1,5,8,1
39,153924.0,81,6,0,0,0,0,0
61,61278.0,87,165,3,1,4,6,1
56,26490.0,92,210,3,1,5,6,0
67,73059.0,36,1095,9,3,13,4,1
48,46734.0,86,223,3,2,3,6,3
51,56253.0,83,597,7,2,9,6,1
29,19986.0,74,22,0,0,3,7,1
39,58330.0,87,1064,6,4,13,4,1
34,25965.0,29,74,2,0,3,8,0
58,14661.0,88,26,1,0,3,6,0
55,18690.0,77,60,1,1,2,8,0
40,45068.0,25,20,1,0,2,7,1
27,21063.0,34,59,2,0,3,6,1
46,29187.0,43,34,1,0,3,8,1
43,54690.0,76,198,3,1,5,3,2
50,59304.0,81,1048,7,8,10,5,1
52,59247.0,87,574,5,2,9,6,2
44,66731.0,33,1029,4,3,6,3,1
34,77353.0,38,670,6,4,8,4,1
39,52614.0,63,990,2,4,8,8,1
40,26751.0,26,11,1,0,2,8,2
51,81300.0,17,1241,10,3,5,5,1
35,70337.0,75,576,2,2,12,1,0
29,36145.0,13,172,4,1,3,9,1
34,65295.0,19,664,3,3,13,2,0
51,68118.0,51,928,8,9,4,6,1
47,68743.0,81,2074,11,5,13,7,0
32,41039.0,32,467,8,1,5,8,0
59,38946.0,84,257,3,1,6,5,1
47,65777.0,87,1146,2,8,6,1,0
38,66476.0,99,689,5,2,11,4,1
42,86857.0,96,2114,5,6,10,2,0
32,160803.0,21,1717,0,28,1,0,0
25,77845.0,40,1346,3,5,12,1,0
45,69476.0,3,1044,4,6,4,2,0
54,50611.0,98,493,4,5,7,6,1
44,61209.0,73,957,5,3,4,2,0
56,42315.0,90,270,1,4,4,3,1
62,13084.0,29,29,1,0,3,6,0
65,47570.0,3,121,2,2,2,7,2
53,61923.0,94,126,2,1,4,3,2
19,34824.0,65,23,1,0,2,6,0
65,26518.0,33,57,2,0,3,8,2
53,45938.0,46,636,8,4,6,6,0
54,78468.0,29,1004,10,7,10,4,0
41,78901.0,99,734,9,3,5,4,1
36,71427.0,26,614,8,2,8,4,2
36,71022.0,30,1453,5,2,11,8,1
26,90247.0,27,1621,3,4,7,1,0
46,41335.0,24,187,4,1,4,7,1
28,71952.0,93,1443,8,4,8,4,1
44,35682.0,34,57,1,1,3,2,1
63,43185.0,88,637,9,3,6,8,1
66,66375.0,96,948,2,4,5,7,1
43,35178.0,10,59,1,1,2,7,1
28,25252.0,26,18,1,0,2,8,1
49,55250.0,49,903,7,5,10,5,1
39,33249.0,11,112,2,1,3,6,1
61,58398.0,44,596,5,4,8,4,0
32,50272.0,75,233,4,1,5,7,1
39,76618.0,64,1511,3,2,5,1,0
54,87305.0,19,1152,5,3,8,2,0
36,25851.0,45,48,2,0,3,7,1
44,58710.0,77,1185,11,5,9,6,1
56,45160.0,9,21,1,0,2,7,2
49,74806.0,1,965,5,4,5,4,1
60,59111.0,90,869,11,1,8,7,0
30,18988.0,43,16,1,0,3,7,1
49,72190.0,79,1947,5,6,4,3,0
38,7500.0,19,71,4,1,2,9,1
48,44794.0,99,65,2,0,3,6,1
59,80395.0,62,1380,6,5,12,2,0
38,75012.0,41,1027,3,8,11,1,0
49,56962.0,60,411,6,3,5,7,3
23,89891.0,17,836,11,6,8,4,0
65,35946.0,24,11,0,0,3,5,2
61,53593.0,60,480,7,2,6,8,2
36,66373.0,57,606,4,2,10,3,2
66,45072.0,74,284,6,1,4,8,3
41,89694.0,22,1472,4,3,4,5,2
65,72025.0,46,1677,4,8,13,2,0
41,67432.0,69,1335,8,5,4,4,1
62,70545.0,29,334,4,1,7,2,1
25,17487.0,37,18,1,0,2,7,1
45,62882.0,26,1338,7,5,6,4,1
61,64108.0,8,1099,6,9,11,5,1
58,34941.0,26,97,3,0,3,8,2
64,48767.0,79,63,2,1,3,5,3
36,38702.0,71,109,3,0,4,6,1
50,82224.0,83,902,6,9,5,3,0
62,83844.0,57,1574,4,4,11,1,0
39,17003.0,37,38,2,0,4,5,1
19,71163.0,30,960,3,8,12,1,0
44,33697.0,34,28,1,0,2,7,1
60,63564.0,0,1215,10,10,7,6,0
42,83443.0,89,1497,6,10,5,2,0
56,51518.0,92,449,3,2,10,3,1
39,58330.0,87,1064,6,4,13,4,1
45,80952.0,20,1757,8,5,11,8,0
35,75507.0,56,1440,8,6,6,3,0
36,63855.0,28,1006,7,3,13,4,0
42,62220.0,55,1226,7,6,5,6,1
50,58512.0,25,1171,3,4,8,8,1
35,40662.0,0,92,2,1,3,4,1
55,38829.0,86,99,3,2,2,5,1
33,35523.0,8,66,3,0,3,7,1
47,79146.0,33,564,8,1,8,6,2
26,78285.0,13,1427,6,4,10,3,0
36,31626.0,12,86,2,1,2,7,1
62,75127.0,92,833,2,11,5,1,0
59,48726.0,90,242,3,2,4,6,1
37,74985.0,8,1869,3,6,7,2,0
27,67430.0,6,1364,11,5,12,6,0
49,46891.0,91,183,2,1,4,4,1
58,62058.0,52,450,6,1,7,6,1
35,72063.0,3,758,5,2,12,2,1
63,78939.0,57,1507,8,5,6,3,0
49,42720.0,9,654,7,3,7,8,2
42,33622.0,22,81,2,0,4,7,2
57,6835.0,76,137,0,0,1,20,1
61,41452.0,86,16,1,0,2,7,2
49,40760.0,64,93,2,1,3,6,1
56,74250.0,90,1158,2,11,4,1,0
59,51124.0,79,43,1,0,3,3,2
43,72258.0,28,1525,6,9,5,2,1
40,71466.0,86,1230,4,4,10,1,0
38,36283.0,42,29,1,0,3,4,2
44,20587.0,39,25,1,1,2,7,1
42,30467.0,8,24,1,0,2,7,1
42,31590.0,40,38,1,0,3,8,1
28,20425.0,5,57,2,0,3,7,1
54,17144.0,96,47,3,0,4,7,2
46,42564.0,28,813,6,8,4,7,1
36,43783.0,22,629,7,1,8,7,1
38,40780.0,30,377,7,1,5,9,1
69,62847.0,45,1612,3,6,4,2,0
57,82017.0,58,729,5,4,7,2,0
64,16813.0,49,50,2,0,3,7,0
36,51267.0,37,270,3,3,5,4,2
53,46524.0,70,177,1,1,5,3,1
52,45183.0,33,315,4,1,7,7,0
60,70421.0,98,767,10,3,7,6,1
49,60161.0,17,1071,11,4,8,8,1
41,73926.0,54,1580,6,5,12,3,0
46,19329.0,39,60,4,0,3,8,1
44,61872.0,81,573,4,4,9,4,1
58,46984.0,71,41,1,0,3,5,2
63,34838.0,62,170,2,1,4,6,2
70,82716.0,8,1167,6,8,13,2,0
56,48192.0,76,1526,2,8,12,8,0
38,49681.0,66,458,7,1,7,7,2
43,56850.0,83,63,1,1,3,2,1
57,55267.0,28,405,3,4,6,3,1
42,59666.0,87,1027,3,2,8,8,2
42,72504.0,43,1478,5,9,6,2,1
33,26872.0,0,72,1,1,2,6,0
42,21359.0,1,48,2,0,3,8,1
39,73170.0,1,726,5,4,6,2,0
59,52750.0,72,860,5,7,9,4,1
28,91820.0,72,1497,5,5,12,1,0
44,65968.0,12,495,5,4,7,3,1
38,30772.0,89,20,1,0,2,6,2
60,22507.0,67,570,10,2,4,9,0
42,65685.0,54,769,9,2,9,5,1
36,25804.0,34,55,2,0,3,8,1
34,76412.0,15,1808,5,4,8,3,0
42,22063.0,43,55,2,0,3,7,1
53,57091.0,0,577,7,3,7,5,0
51,22419.0,74,162,3,2,2,8,0
55,87771.0,61,1957,5,10,4,6,1
55,78353.0,51,1576,10,2,11,8,1
60,93404.0,97,1616,3,4,7,5,3
52,37859.0,75,36,1,0,3,8,3
56,80995.0,83,1482,8,9,4,4,1
30,16529.0,23,22,1,0,3,6,1
38,55412.0,65,63,2,0,3,5,2
22,48789.0,94,680,6,4,7,6,0
47,56575.0,42,542,7,3,7,5,2
34,25130.0,10,50,2,0,3,7,1
47,35441.0,94,39,1,0,3,8,2
58,71391.0,50,1043,6,5,12,3,1
42,49494.0,46,385,6,1,5,7,1
34,81702.0,98,1633,7,7,12,3,0
34,45889.0,42,46,1,0,3,6,1
37,56628.0,30,761,7,6,5,5,1
64,34026.0,11,76,2,1,3,5,2
40,40049.0,61,290,3,2,6,5,1
26,34176.0,12,89,3,0,4,6,1
33,19419.0,76,70,4,0,3,9,1
54,82504.0,2,1066,3,6,7,1,0
44,81205.0,43,2009,5,6,7,2,0
23,61618.0,27,1345,3,6,8,3,0
58,55284.0,60,764,7,5,8,5,1
51,49980.0,79,195,3,1,5,5,1
34,15072.0,96,53,3,1,3,5,2
40,49166.0,17,368,5,3,3,6,1
60,65324.0,0,544,6,2,9,4,1
57,82347.0,38,1853,7,7,10,3,0
48,30843.0,43,35,1,1,2,5,2
40,46374.0,1,446,7,1,7,8,1
35,60474.0,25,1180,10,2,12,7,1
41,38576.0,2,41,1,0,3,7,1
29,55357.0,66,727,6,2,11,5,2
48,37758.0,49,40,1,0,3,8,2
25,85710.0,5,1062,6,9,10,2,0
45,23228.0,71,40,2,0,3,8,1
45,44602.0,35,292,6,1,4,8,2
27,7500.0,94,15,0,0,3,6,0
25,38683.0,80,341,4,1,6,7,1
39,49514.0,61,369,6,1,4,7,1
41,57906.0,29,401,4,2,8,4,1
48,43456.0,0,393,5,1,8,5,1
28,19485.0,80,10,1,0,2,7,2
36,53172.0,54,486,2,3,8,3,1
35,30545.0,71,69,2,0,3,7,1
31,70123.0,27,1727,5,7,4,3,0
55,62450.0,61,995,5,5,4,3,1
38,21675.0,55,45,4,0,3,7,1
33,42395.0,35,182,3,1,4,7,2
36,61346.0,34,989,5,7,10,3,1
61,80812.0,95,1677,4,8,5,2,0
43,42835.0,64,595,6,6,4,6,2
31,39922.0,30,156,3,0,4,8,1
58,86424.0,12,1226,6,9,12,1,0
36,17117.0,96,128,3,1,3,9,1
42,24762.0,16,86,3,1,2,8,1
39,35797.0,16,68,2,0,3,8,1
39,36627.0,78,16,0,0,3,5,2
33,51111.0,83,55,2,0,3,6,2
42,86857.0,96,2114,5,6,10,2,0
44,82072.0,67,2018,3,2,13,1,0
61,46231.0,87,263,6,1,4,9,3
55,42243.0,34,55,2,0,3,7,2
52,51195.0,46,564,9,2,5,8,2
36,68092.0,7,1281,2,6,10,5,0
41,31814.0,73,83,2,0,3,9,1
49,51390.0,54,353,5,2,5,5,2
31,76630.0,93,1003,3,10,11,1,0
23,26868.0,52,14,1,0,2,7,1
71,48948.0,53,902,7,10,5,6,0
42,55260.0,81,1139,8,10,5,6,1
58,64090.0,8,797,6,9,4,5,1
56,78331.0,97,1638,10,6,7,4,1
40,37087.0,50,401,4,2,8,6,1
28,21846.0,38,84,4,0,3,8,1
56,81320.0,61,928,4,3,10,2,0
44,54137.0,46,203,4,1,4,6,1
47,66825.0,73,858,4,5,6,2,0
41,57100.0,19,409,3,3,6,3,0
45,58917.0,10,282,4,1,6,5,3
37,85072.0,94,1423,3,4,10,0,0
53,86429.0,10,1449,7,4,7,2,0
43,45684.0,37,28,1,0,2,7,1
40,47889.0,94,67,2,0,3,5,1
28,45921.0,23,199,2,1,6,4,0
48,78420.0,75,1453,3,10,8,1,0
22,75114.0,40,1253,3,10,5,2,0
51,52278.0,24,1198,10,5,10,8,1
42,35641.0,11,178,3,1,4,7,1
20,95529.0,29,1990,7,3,7,3,0
60,62820.0,51,976,3,4,6,1,0
54,73113.0,86,1001,3,4,7,2,0
32,84169.0,9,1919,7,6,6,3,0
60,42607.0,30,350,3,2,7,3,1
60,74637.0,73,1650,6,9,9,3,0
59,46015.0,25,46,1,0,3,7,2
21,72354.0,67,1228,2,10,6,1,0
45,39858.0,67,95,2,0,4,6,1
66,34469.0,58,62,1,1,4,4,2
28,83033.0,82,1761,11,4,10,5,1
35,24401.0,98,467,6,1,6,8,0
36,77583.0,93,1149,4,5,9,2,0
32,74116.0,53,2052,4,4,10,2,0
21,74293.0,66,1127,5,4,6,2,0
38,68397.0,6,1416,6,9,5,3,1
40,79632.0,42,1113,6,4,9,2,0
25,46107.0,78,125,1,1,4,3,1
63,64950.0,29,966,11,2,10,7,1
25,25443.0,82,32,1,0,3,8,1
62,75127.0,92,833,2,11,5,1,0
43,32892.0,78,46,3,0,3,8,1
43,71796.0,54,960,9,3,4,4,0
44,67536.0,45,1829,11,5,11,8,1
43,55239.0,59,779,7,5,11,5,1
39,60554.0,8,811,8,4,9,6,1
62,64831.0,51,1120,6,3,5,6,2
52,56067.0,51,725,7,4,7,5,1
31,82025.0,76,1187,3,2,6,1,0
61,94384.0,62,2302,5,8,5,2,0
28,14906.0,86,66,2,1,3,7,0
27,51563.0,60,1250,4,4,10,8,0
32,57937.0,56,683,4,4,9,3,1
35,68274.0,83,305,4,2,5,3,2
37,39771.0,92,50,2,0,3,4,1
39,67893.0,31,995,3,2,9,8,1
35,27922.0,80,41,2,0,3,4,1
38,52190.0,39,77,2,1,3,5,2
41,44051.0,20,171,3,1,4,6,2
43,42767.0,53,131,3,1,2,8,2
38,46106.0,84,54,1,1,2,6,2
38,16927.0,50,53,3,0,4,8,2
49,59754.0,96,475,5,2,6,5,1
62,53700.0,94,694,5,5,8,5,1
41,59041.0,25,96,2,0,4,5,2
57,54237.0,48,361,5,2,5,6,1
47,70647.0,65,1079,4,7,13,2,1
52,52597.0,69,578,6,3,8,5,1
45,41021.0,12,64,2,0,3,6,1
39,40233.0,84,149,2,1,5,6,1
34,50183.0,47,231,3,1,6,5,2
55,54753.0,87,728,5,2,11,4,1
41,92955.0,35,1778,6,7,9,2,0
41,33471.0,47,93,3,0,4,7,1
40,34596.0,48,23,1,0,2,8,1
34,44010.0,46,662,10,2,6,9,1
26,84219.0,27,1198,3,4,10,1,0
46,40706.0,37,81,3,0,4,7,3
26,15716.0,8,92,3,0,4,8,1
55,59052.0,29,491,7,1,7,5,1
43,80573.0,85,1564,4,6,13,2,0
52,83715.0,2,926,2,8,13,0,0
55,82576.0,66,1910,2,4,12,1,0
49,56962.0,60,411,6,3,5,7,3
62,35704.0,54,94,2,0,4,4,2
60,53103.0,70,1085,10,6,7,7,1
54,46779.0,55,23,0,1,2,4,2
49,4861.0,20,6,0,0,0,14,0
35,33462.0,78,54,2,0,3,7,1
36,63693.0,63,1150,11,6,9,6,1
64,80763.0,17,1415,5,11,6,3,0
40,65352.0,43,405,4,2,8,4,1
36,82170.0,13,1908,5,6,7,2,0
45,75759.0,46,2486,9,7,9,5,0
38,79689.0,65,1315,4,9,13,2,0
58,35340.0,1,45,2,0,3,5,2
60,85683.0,6,1789,2,4,10,1,0
42,24884.0,32,19,0,0,3,7,1
33,42021.0,34,573,10,1,6,9,1
25,64449.0,70,805,5,3,12,4,1
60,64587.0,49,108,1,1,4,3,2
19,34824.0,65,23,1,0,2,6,0
36,75437.0,25,1493,8,4,10,6,0
57,26091.0,84,89,2,1,3,5,2
41,52845.0,7,936,8,8,6,6,1
58,46086.0,34,343,3,1,8,4,1
58,78028.0,38,528,6,4,9,7,1
27,95169.0,1,1901,4,3,4,1,0
33,56337.0,25,724,8,5,4,8,2
27,22434.0,25,58,2,0,3,8,1
60,36930.0,50,297,5,2,4,8,1
60,36130.0,46,488,3,8,4,4,1
61,65569.0,96,859,6,5,10,3,1
62,83844.0,57,1574,4,4,11,1,0
46,19514.0,47,69,3,1,2,8,2
51,36736.0,52,17,1,0,2,6,2
35,77568.0,30,2194,10,2,8,5,1
38,49187.0,63,116,1,1,5,2,1
36,30168.0,51,279,6,1,4,9,1
46,34053.0,14,103,3,0,3,8,1
43,38196.0,20,44,2,0,4,5,2
63,59412.0,56,406,4,2,8,3,0
49,70924.0,41,1363,6,6,7,3,0
45,54165.0,72,236,2,1,7,2,0
41,32300.0,1,39,1,0,3,8,1
38,20180.0,27,137,2,1,4,7,0
41,34961.0,77,79,3,1,3,7,1
40,28440.0,87,63,2,0,3,8,1
61,64504.0,81,1314,11,3,4,7,3
48,33564.0,51,71,1,1,3,5,1
36,17345.0,79,58,2,1,2,8,1
47,56320.0,11,702,5,4,9,4,1
36,28647.0,54,94,2,2,2,7,1
27,15038.0,93,80,2,1,2,9,1
56,32173.0,0,22,1,0,3,4,1
50,68316.0,54,1211,10,7,10,6,1
43,74538.0,21,1461,8,8,5,3,0
43,91700.0,58,1968,8,6,5,3,0
45,68695.0,3,1091,4,4,7,2,0
37,31056.0,99,55,1,0,3,8,1
41,79593.0,70,1366,5,6,7,2,0
34,28071.0,65,313,5,1,5,8,0
56,37334.0,44,62,3,0,4,4,2
42,46423.0,6,92,2,0,4,7,2
43,37126.0,9,72,1,2,2,6,1
61,47703.0,95,655,6,3,8,5,1
55,61180.0,70,704,5,5,6,3,1
60,38998.0,92,54,2,0,3,8,2
23,8028.0,62,178,0,1,0,19,0
52,76081.0,85,1033,4,5,4,2,0
28,34728.0,2,36,1,1,2,6,1
49,33168.0,0,122,2,1,4,7,1
48,33585.0,91,122,2,0,4,4,1
54,77037.0,3,1123,7,7,12,3,1
30,35196.0,68,497,6,1,5,8,1
48,44529.0,98,691,6,2,11,5,1
49,70924.0,41,1363,6,6,7,3,0
48,28764.0,16,12,1,0,2,8,2
65,69098.0,82,2440,7,8,9,5,0
44,25959.0,1,56,1,2,2,6,2
31,27100.0,64,37,1,0,3,7,1
29,70596.0,68,968,3,5,12,2,0
40,42557.0,98,270,6,1,4,8,1
63,53312.0,32,278,5,1,5,7,0
62,72228.0,87,1250,6,7,8,3,0
27,67605.0,84,938,2,8,6,1,0
65,62845.0,3,1178,3,4,10,8,2
56,65196.0,34,1155,7,6,11,5,2
27,42000.0,23,653,5,2,11,5,0
41,35860.0,37,49,1,1,2,5,2
50,65526.0,22,506,4,4,8,2,1
53,16860.0,19,38,1,1,3,7,2
22,83528.0,7,1650,4,10,8,1,0
49,64176.0,52,1826,8,9,8,6,1
58,22304.0,91,18,1,0,2,8,0
36,67023.0,93,906,3,7,13,2,0
43,32892.0,78,46,3,0,3,8,1
48,70713.0,23,1477,5,6,8,3,1
59,59925.0,83,766,9,2,9,6,1
61,39722.0,92,47,2,0,3,5,1
56,46610.0,4,467,6,1,6,6,0
53,88347.0,32,2116,4,7,9,1,0
33,87171.0,27,1298,6,7,11,2,0
38,26907.0,10,22,1,0,3,7,2
46,50014.0,9,396,4,1,8,5,1
36,41014.0,65,20,1,0,2,7,1
49,66294.0,68,967,4,3,5,2,0
43,36715.0,16,357,7,2,4,9,1
58,79456.0,12,1401,5,6,4,3,0
32,40479.0,95,15,0,0,3,4,1
44,75345.0,16,2087,5,8,6,3,0
37,54233.0,46,981,11,6,5,8,1
44,24163.0,3,17,1,0,3,4,2
56,84460.0,80,523,9,9,4,5,0
31,43776.0,77,23,1,0,2,6,1
56,71691.0,0,1192,4,7,5,2,0
41,85844.0,62,1958,6,6,7,2,0
40,39190.0,91,133,2,1,4,5,1
55,71367.0,24,777,4,5,7,2,0
42,38578.0,2,73,3,0,3,8,2
49,57236.0,22,121,2,1,4,3,2
35,61825.0,56,424,4,2,8,4,1
56,79803.0,54,868,4,3,5,1,1
28,80910.0,71,756,3,3,8,1,0
32,27590.0,38,12,1,0,2,7,1
35,56775.0,62,937,5,8,10,5,1
39,83829.0,78,1862,4,7,6,1,0
35,54210.0,18,367,4,1,7,5,1
28,38508.0,95,443,7,2,5,8,1
44,53187.0,66,267,4,1,6,5,1
42,30023.0,28,61,2,0,3,8,1
54,76045.0,78,1323,4,5,11,2,0
62,50870.0,13,63,2,0,3,5,1
44,15315.0,27,64,2,0,4,5,0
40,65463.0,17,562,6,2,9,5,1
49,66480.0,71,312,4,1,7,4,2
60,76773.0,79,1156,2,2,11,1,0
31,81698.0,1,1104,8,2,5,5,0
41,54466.0,78,16,1,0,2,5,2
54,98777.0,23,2008,4,6,9,1,0
30,16269.0,75,44,3,0,3,8,1
43,71819.0,70,1574,3,3,5,6,1
31,33569.0,10,63,1,1,2,8,1
31,36262.0,24,426,3,5,3,6,0
48,22634.0,47,96,2,1,2,8,0
36,47025.0,98,635,11,1,6,9,1
46,70566.0,4,757,6,5,9,3,1
35,31605.0,15,125,2,1,4,7,1
41,52034.0,67,332,4,2,5,7,2
35,48526.0,32,135,2,1,4,3,1
60,46734.0,40,330,6,1,5,7,1
52,39552.0,54,384,6,2,5,8,2
48,86358.0,78,1722,5,3,6,8,2
37,46931.0,94,78,1,1,3,3,3
29,16581.0,51,24,0,0,3,4,0
62,63998.0,42,1168,7,6,11,4,0
63,67381.0,67,957,2,2,9,7,1
47,25930.0,87,15,1,0,2,7,2
36,42693.0,29,57,1,0,3,5,1
38,85606.0,89,1956,6,7,9,3,1
29,72903.0,74,2013,7,5,8,4,0
40,49669.0,97,326,5,1,6,6,1
46,36778.0,63,77,3,0,3,9,2
52,85696.0,88,1313,4,6,9,1,0
25,10979.0,34,30,3,0,3,5,0
53,49678.0,81,315,6,2,4,7,1
61,56129.0,65,660,6,2,10,4,1
25,37155.0,51,74,2,0,4,5,1
36,21282.0,76,46,2,1,2,6,1
52,33419.0,76,86,2,0,4,7,1
69,63285.0,84,1103,6,5,13,3,0
40,21255.0,56,61,2,1,4,4,1
33,42162.0,31,145,3,1,3,6,1
58,54450.0,0,684,9,2,8,8,2
60,57744.0,91,411,9,1,4,8,1
28,26576.0,40,27,1,0,2,9,1
71,57513.0,59,1060,9,3,13,6,0
50,68142.0,96,1459,10,4,7,6,1
35,7500.0,61,18,1,0,2,8,1
40,83145.0,14,1833,5,9,11,2,0
54,54197.0,16,237,1,3,6,1,1
51,23091.0,98,48,2,1,3,7,2
38,46049.0,11,515,5,2,9,7,2
40,56715.0,52,1020,7,3,4,4,0
53,79410.0,19,1370,3,2,5,1,0
63,57304.0,61,1026,7,6,10,5,1
49,44375.0,73,301,4,1,6,5,1
58,54450.0,0,684,9,2,8,8,2
49,59594.0,74,499,8,1,7,7,1
20,80685.0,55,1004,6,4,10,2,0
40,40344.0,48,218,4,1,5,7,1
42,62710.0,53,606,4,2,12,4,1
46,48985.0,13,75,1,1,3,3,1
46,35322.0,34,106,2,0,4,8,3
66,77142.0,54,990,4,4,8,2,0
45,81657.0,69,1097,3,4,8,1,0
18,14421.0,81,16,1,0,2,5,0
40,20130.0,99,34,1,0,3,8,0
24,74214.0,3,1711,8,2,5,5,0
57,66726.0,61,438,8,2,4,7,2
35,23724.0,65,75,2,0,3,8,1
54,47353.0,93,225,2,2,6,5,1
62,33444.0,24,18,1,0,2,8,2
33,54386.0,8,470,3,2,10,3,1
33,28510.0,72,91,2,0,4,5,2
23,90638.0,29,2525,3,4,10,1,0
64,48070.0,33,504,8,2,6,7,1
57,43140.0,68,235,4,1,5,6,1
53,54959.0,55,1232,9,5,4,7,1
56,15056.0,76,88,2,2,3,5,2
43,26954.0,17,17,1,0,2,7,1
29,22327.0,94,24,1,0,3,5,1
49,44393.0,86,60,1,0,4,4,2
62,62000.0,25,1020,6,6,13,4,1
52,31497.0,22,155,3,1,4,8,1
40,45894.0,15,51,1,0,3,5,2
44,78579.0,35,1812,5,6,4,3,0
45,67369.0,81,1461,7,4,10,4,1
54,58401.0,55,96,1,2,2,4,1
62,62307.0,94,160,4,0,4,5,1
45,43641.0,50,139,2,1,4,6,2
46,63841.0,64,908,9,3,9,6,1
49,46891.0,91,183,2,1,4,4,1
45,70091.0,11,1161,5,2,10,8,1
42,78075.0,72,988,3,5,5,1,0
53,59184.0,6,1072,6,6,12,5,1
37,54809.0,0,174,2,1,5,4,2
55,58113.0,66,758,9,2,8,7,1
56,51412.0,42,195,3,2,4,4,1
35,15287.0,60,31,1,1,2,7,1
57,66636.0,64,1084,3,4,9,1,0
58,50965.0,87,685,10,4,5,8,1
49,84618.0,96,1672,6,9,10,2,0
24,18351.0,1,43,2,0,3,7,0
57,40451.0,54,49,1,1,2,5,2
49,36317.0,53,133,3,0,4,7,1
57,42213.0,96,363,5,1,7,7,1
59,65748.0,58,545,2,4,10,1,1
42,77044.0,12,1065,7,11,11,4,1
45,74918.0,78,2047,5,9,6,3,0
42,56721.0,64,296,4,1,5,6,2
39,42160.0,26,140,2,1,4,6,2
49,61559.0,8,530,4,2,10,3,1
51,33629.0,49,152,3,1,4,9,2
23,68682.0,56,1598,4,9,10,2,0
51,34377.0,55,114,2,2,2,7,1
28,8940.0,25,101,3,1,3,8,1
41,26228.0,50,25,1,0,2,8,1
57,77297.0,84,789,5,7,9,4,0
33,40211.0,30,87,2,1,2,8,2
56,33438.0,81,90,2,1,4,5,2
55,75032.0,74,1215,5,4,9,3,1
59,61284.0,76,811,11,2,8,6,0
28,22518.0,36,61,2,1,2,5,1
39,54730.0,64,405,4,1,8,4,1
59,38452.0,62,72,3,0,3,7,2
43,44421.0,53,189,5,0,4,8,2
28,38197.0,86,40,1,0,3,5,1
36,41986.0,15,63,3,0,4,4,1
31,28427.0,67,52,2,0,3,8,1
38,37395.0,47,39,1,0,3,6,1
43,64722.0,47,805,8,2,11,6,1
58,55249.0,81,130,2,1,4,3,1
42,84906.0,98,1631,5,6,12,2,0
25,28691.0,56,34,1,0,3,8,1
62,44213.0,48,152,2,1,5,6,2
30,25707.0,18,21,1,0,3,7,1
47,59062.0,74,71,2,0,3,4,3
52,76624.0,68,899,5,10,7,1,1
67,66000.0,36,711,1,3,5,1,0
36,27683.0,90,351,6,2,4,8,1
43,1730.0,65,8,0,0,0,20,0
22,7500.0,63,119,3,2,2,9,1
46,40521.0,82,21,0,1,2,5,2
41,20427.0,63,10,1,0,2,8,1
39,65106.0,55,973,8,3,13,6,1
49,69969.0,64,1536,4,2,6,3,0
62,67433.0,51,992,6,5,13,4,2
47,77766.0,97,1529,11,10,11,6,1
42,74716.0,92,860,7,3,5,4,1
51,68118.0,51,928,8,9,4,6,1
44,55158.0,72,418,7,2,5,7,2
59,62972.0,39,587,7,4,3,6,1
39,74190.0,49,641,4,2,11,2,1
38,39356.0,21,23,1,0,2,6,2
45,76653.0,91,2279,4,7,11,2,0
41,35860.0,37,49,1,1,2,5,2
31,90687.0,98,1779,6,2,8,2,0
32,73450.0,85,1804,7,8,11,3,0
54,31454.0,40,48,2,0,3,8,2
62,47139.0,2,83,2,1,2,7,2
39,83829.0,78,1862,4,7,6,1,0
51,53378.0,41,793,9,4,6,8,2
44,19656.0,94,84,2,1,3,7,1
66,45579.0,10,183,4,1,4,6,1
56,85485.0,73,1383,6,6,6,2,0
70,55956.0,22,999,7,3,4,4,0
51,64191.0,30,825,5,3,13,3,1
42,38808.0,21,246,5,1,4,8,1
48,57183.0,51,610,9,1,7,8,2
46,23748.0,97,76,2,1,3,8,1
43,66303.0,56,1286,3,4,11,8,1
39,37368.0,4,30,1,0,2,6,1
50,40800.0,77,99,3,0,3,7,3
36,71847.0,95,1192,6,7,9,3,0
39,46149.0,36,362,5,1,7,5,1
31,78687.0,13,2130,4,6,8,2,0
43,49118.0,90,1229,9,7,10,7,0
57,37633.0,49,38,1,0,3,9,2
63,39767.0,18,485,7,1,7,8,0
63,26997.0,89,434,4,2,5,7,0
44,33986.0,43,44,1,0,3,7,1
42,57091.0,82,496,9,2,5,7,1
45,46831.0,84,78,1,2,2,4,2
42,83151.0,80,2346,5,7,10,2,0
43,52531.0,68,794,7,2,10,6,0
58,15759.0,12,17,1,0,2,7,0
43,22804.0,75,26,2,0,2,9,1
41,43050.0,10,76,2,0,4,5,1
37,42997.0,91,15,1,0,2,7,2
51,48918.0,21,62,1,0,4,4,2
60,60033.0,28,198,2,1,5,2,1
36,34043.0,97,49,2,0,2,9,1
48,57811.0,49,802,7,2,11,5,1
68,78569.0,14,1736,4,6,4,1,0
36,7500.0,5,57,2,1,3,6,2
43,157733.0,37,59,1,0,1,1,1
61,94384.0,62,2302,5,8,5,2,0
29,23148.0,83,37,2,0,3,7,0
44,44267.0,48,310,5,2,4,9,2
35,71626.0,94,1305,5,5,8,3,0
48,60894.0,61,832,10,3,8,7,1
38,50200.0,70,401,7,1,5,8,2
49,81051.0,43,1501,5,5,12,2,0
32,65169.0,23,1189,10,4,13,6,0
42,59868.0,37,1194,11,2,12,6,1
54,65695.0,50,656,5,4,10,4,1
58,64857.0,78,1540,7,5,10,4,0
49,45143.0,74,311,6,1,5,7,1
59,74805.0,14,820,4,7,10,2,1
25,59060.0,77,274,3,1,7,4,1
52,27238.0,39,57,3,0,3,9,2
49,47009.0,89,448,3,2,8,4,1
41,46094.0,62,44,1,0,3,7,2
42,40321.0,59,102,3,0,3,7,2
30,37235.0,68,61,1,1,2,4,1
54,81843.0,13,1643,5,9,12,3,0
56,46692.0,37,397,6,1,5,6,1
46,77382.0,36,1121,5,7,12,1,1
37,37774.0,28,473,7,2,3,9,2
40,18393.0,2,50,3,0,3,8,1
52,72828.0,17,1678,6,3,13,7,1
32,24711.0,86,58,3,0,3,7,0
39,45503.0,54,170,3,1,4,5,1
32,6560.0,2,373,1,0,1,17,0
69,71604.0,3,1196,8,3,5,4,0
35,27244.0,84,101,2,2,2,7,1
45,48752.0,8,316,6,1,5,9,2
52,71434.0,4,1400,7,4,7,4,1
66,90842.0,57,1424,4,9,13,1,0
36,88097.0,24,844,6,5,8,9,1
39,51948.0,51,311,5,2,4,5,1
32,71853.0,29,1149,2,8,6,1,0
31,35876.0,13,129,3,1,3,6,0
62,40049.0,23,32,1,0,3,6,1
32,39660.0,36,299,7,1,3,9,1
52,50127.0,88,320,5,1,6,6,1
37,43263.0,2,441,5,2,6,5,1
65,62845.0,3,1178,3,4,10,8,2
24,18929.0,15,85,1,0,4,6,0
32,24367.0,58,24,1,0,2,9,1
39,33249.0,11,112,2,1,3,6,1
55,26887.0,27,30,1,0,3,6,1
31,50150.0,32,410,5,2,7,5,0
38,62061.0,12,800,10,4,7,6,1
52,85696.0,88,1313,4,6,9,1,0
58,76542.0,91,1483,4,8,10,2,0
21,70515.0,12,1258,6,6,4,2,0
27,18227.0,21,28,0,1,2,8,1
49,69139.0,23,227,4,1,5,4,1
32,69109.0,10,1555,6,6,7,4,0
52,69627.0,35,861,8,2,11,5,1
36,38136.0,69,103,3,1,2,8,1
68,62159.0,68,634,6,2,10,4,0
51,80695.0,85,1918,5,8,5,2,0
43,33316.0,34,131,2,1,4,6,2
46,58554.0,55,586,8,2,6,7,2
22,17256.0,10,62,2,1,2,8,1
40,53034.0,30,447,6,1,7,8,2
64,52203.0,36,939,8,7,11,6,0
37,59601.0,14,797,2,2,7,8,1
56,75154.0,79,1143,6,3,6,3,1
38,47025.0,52,415,6,3,5,6,1
41,37971.0,97,30,1,0,3,8,1
46,41335.0,24,187,4,1,4,7,1
56,67267.0,0,251,3,2,5,2,1
39,57338.0,96,237,4,1,5,5,1
54,50523.0,89,91,2,0,4,6,2
49,35791.0,94,35,1,0,3,8,3
54,50611.0,98,493,4,5,7,6,1
45,56242.0,72,971,8,4,11,6,1
54,48904.0,1,371,7,2,4,8,1
39,56243.0,26,396,4,2,8,5,3
29,21355.0,5,68,2,1,2,6,1
43,57420.0,22,322,5,1,6,7,1
44,51371.0,39,317,4,2,6,5,1
59,46390.0,56,222,4,2,3,7,1
58,54342.0,74,177,3,1,4,6,2
56,51371.0,87,45,1,0,3,5,2
50,51371.0,49,21,1,0,2,7,2
41,20895.0,24,45,2,0,3,9,1
66,92344.0,9,1899,5,10,5,1,0
42,51371.0,17,42,1,0,3,7,1
38,26907.0,10,22,1,0,3,7,2
34,44964.0,35,41,1,0,3,8,2
35,75507.0,56,1440,8,6,6,3,0
42,53761.0,7,325,4,4,3,5,2
41,22682.0,51,95,2,1,4,4,1
42,38887.0,17,42,1,0,3,7,1
39,41658.0,30,72,1,1,2,4,2
42,29791.0,21,20,2,0,3,5,1
58,63915.0,2,789,6,3,12,5,2
40,39996.0,85,15,1,0,2,6,2
42,26759.0,65,59,2,1,3,6,1
46,63841.0,64,908,9,3,9,6,1
45,51039.0,11,417,6,2,4,7,2
53,60544.0,92,289,5,1,5,6,2
42,65685.0,54,769,9,2,9,5,1
61,37716.0,4,188,4,1,3,7,1
57,36864.0,53,354,5,2,4,8,1
44,44511.0,39,727,8,4,8,8,1
47,36947.0,49,146,3,0,4,9,2
63,47352.0,70,319,6,1,5,7,1
61,67087.0,40,794,7,5,8,4,1
64,57045.0,40,454,4,2,9,3,1
61,36957.0,43,152,3,2,2,9,2
37,69389.0,17,797,7,2,12,4,1
42,80134.0,40,1690,5,3,6,6,1
45,43142.0,84,20,1,0,2,7,2
70,80589.0,25,1428,5,10,5,1,0
24,34412.0,62,209,5,0,3,9,1
35,57537.0,83,545,4,3,8,4,1
48,22634.0,47,96,2,1,2,8,0
66,51315.0,45,222,2,2,5,2,0
42,36026.0,34,61,2,0,3,6,3
41,24639.0,3,44,2,0,4,6,2
42,34578.0,1,8,1,0,2,6,3
42,65704.0,18,817,2,10,10,1,0
48,63810.0,45,1371,4,3,12,8,1
45,54132.0,81,42,1,0,3,7,1
55,18690.0,77,60,1,1,2,8,0
44,28164.0,23,78,2,0,4,7,1
40,34596.0,48,23,1,0,2,8,1
42,43269.0,61,19,1,0,2,8,1
56,38741.0,60,61,2,0,3,7,2
42,31907.0,75,449,6,1,6,7,0
31,27100.0,64,37,1,0,3,7,1
41,31163.0,54,38,1,0,3,6,1
29,92533.0,84,1131,6,5,11,2,0
41,34853.0,75,34,2,0,3,6,2
47,70844.0,16,294,6,1,5,7,2
35,31086.0,79,48,1,1,2,8,2
53,60544.0,92,289,5,1,5,6,2
28,20491.0,16,30,0,1,2,7,0
50,42523.0,96,125,1,1,4,2,0
31,39922.0,30,156,3,0,4,8,1
62,33402.0,60,70,2,1,3,8,2
65,36408.0,11,22,1,0,2,6,2
35,21645.0,75,65,3,0,3,9,1
66,78427.0,36,1930,3,7,10,3,0
68,82657.0,71,2283,7,5,10,4,0
56,51876.0,88,310,2,2,8,1,0
43,78041.0,93,1319,4,4,9,2,0
57,52852.0,93,879,10,7,5,8,1
32,70038.0,54,1244,4,4,8,2,0
41,69401.0,41,690,4,4,5,2,1
42,46053.0,46,209,3,2,4,5,1
49,77343.0,28,1134,3,4,9,1,0
61,73892.0,40,1507,3,11,8,1,0
47,40304.0,82,57,2,0,3,7,1
49,32727.0,38,529,7,3,5,8,0
45,68695.0,3,1091,4,4,7,2,0
43,43300.0,87,180,4,0,4,8,1
42,26290.0,49,77,2,0,4,6,2
44,93790.0,16,2349,6,7,12,2,0
40,38410.0,65,534,5,2,9,6,0
64,64866.0,9,556,7,3,7,5,1
55,57957.0,24,637,4,6,8,3,1
59,46015.0,25,46,1,0,3,7,2
36,16531.0,43,44,3,0,3,7,1
28,28072.0,10,47,1,0,3,7,1
51,49476.0,29,795,2,11,5,2,1
61,50725.0,45,586,8,1,8,8,1
62,83844.0,57,1574,4,4,11,1,0
64,41145.0,20,13,0,0,3,3,2
44,67419.0,29,1471,9,4,8,5,1
44,23162.0,82,65,1,1,3,6,2
37,34380.0,68,175,4,1,3,8,1
48,34704.0,65,40,1,0,3,5,1
45,94871.0,99,1078,8,5,4,7,2
56,65148.0,9,1115,6,6,7,4,1
60,39898.0,20,134,3,0,4,7,1
58,64857.0,78,1540,7,5,10,4,0
44,59892.0,26,87,2,1,3,3,1
27,41020.0,68,217,3,2,4,3,0
53,57072.0,79,1034,7,5,13,5,1
35,60474.0,25,1180,10,2,12,7,1
54,62807.0,83,819,5,3,12,5,1
33,19414.0,32,32,1,0,3,8,1
34,19107.0,49,46,1,0,3,7,1
38,75484.0,50,1159,7,3,6,4,1
38,70379.0,84,860,6,3,13,4,1
44,79419.0,96,1631,4,6,4,2,0
68,64014.0,56,444,8,2,5,7,3
59,76998.0,85,1910,11,8,8,6,1
42,49854.0,63,380,6,2,5,6,1
43,60585.0,17,736,7,4,9,5,2
64,42873.0,11,269,6,1,4,8,2
26,87679.0,62,2524,7,11,10,4,0
36,57867.0,48,612,7,2,9,6,1
24,35765.0,86,75,2,0,4,6,1
55,65492.0,73,1045,4,7,13,2,0
37,32952.0,36,55,2,0,3,7,1
45,53374.0,34,1064,4,2,9,9,1
55,71706.0,16,1443,9,5,7,5,1
26,68487.0,48,1366,9,7,13,4,0
39,53253.0,61,436,4,3,5,5,2
41,31163.0,54,38,1,0,3,6,1
37,42014.0,56,436,7,1,6,8,1
41,54108.0,74,747,8,2,9,8,2
59,49667.0,35,1396,5,10,5,8,0
40,63206.0,65,928,4,3,6,2,0
42,57136.0,48,642,5,2,10,6,2
39,46772.0,88,1048,11,8,5,8,1
43,78931.0,19,943,2,8,13,1,0
56,53977.0,21,907,5,5,12,5,1
26,84219.0,27,1198,3,4,10,1,0
39,46098.0,86,120,3,2,2,8,2
49,73538.0,92,1658,10,4,9,7,1
28,79529.0,1,1638,4,8,9,2,0
37,20981.0,14,73,3,1,2,8,0
34,51766.0,74,275,4,2,4,5,1
52,55759.0,84,854,10,3,8,8,1
36,33039.0,4,78,2,0,4,5,1
42,37787.0,50,106,3,0,3,8,1
44,27242.0,2,106,2,0,3,9,1
31,87188.0,73,1923,10,2,6,3,0
43,69930.0,21,1662,4,5,12,3,0
38,37697.0,82,84,2,1,3,6,1
41,37401.0,14,48,2,0,3,7,1
41,3502.0,56,5,0,0,0,14,1
38,58597.0,20,733,7,4,9,7,2
66,82032.0,54,1234,4,6,7,1,0
56,28087.0,77,112,2,2,2,7,2
27,74004.0,5,1658,4,6,4,3,0
54,19740.0,65,55,1,1,3,5,1
39,57036.0,33,1513,6,3,13,9,1
56,53083.0,65,271,5,1,5,7,2
39,69283.0,41,904,7,3,13,5,1
39,46098.0,86,120,3,2,2,8,2
26,23331.0,92,103,3,0,3,8,1
26,23331.0,97,269,5,1,5,9,1
25,9255.0,91,22,1,1,2,8,1
55,67786.0,0,1156,3,6,6,1,0
43,71969.0,59,1086,3,4,9,8,1
47,59235.0,4,1128,11,2,12,7,1
25,31928.0,5,72,3,0,4,7,1
53,74881.0,48,964,9,2,12,5,2
36,65819.0,99,1383,5,4,10,3,0
61,51411.0,81,18,0,0,3,5,3
50,51983.0,95,793,9,2,10,7,1
28,42386.0,43,100,3,0,3,8,1
27,30390.0,5,80,2,0,3,6,0
51,30983.0,50,167,4,0,3,8,0
57,66033.0,76,677,8,3,7,7,1
39,37284.0,46,23,0,0,3,6,2
63,57530.0,68,92,1,1,4,1,1
49,76800.0,33,641,4,4,7,1,0
58,63943.0,50,1106,6,4,6,5,1
52,76081.0,85,1033,4,5,4,2,0
40,67445.0,63,1174,9,6,12,6,1
47,37054.0,89,25,1,0,3,7,2
52,47175.0,81,240,4,2,4,8,2
38,31859.0,77,20,1,0,2,7,1
53,27215.0,50,102,2,1,4,6,3
38,70179.0,10,1034,7,3,13,5,1
31,39922.0,30,156,3,0,4,8,1
38,49681.0,66,458,7,1,7,7,2
26,24645.0,16,17,1,0,2,8,1
60,79865.0,12,792,5,10,5,1,1
29,44322.0,30,92,3,0,3,8,1
62,47958.0,8,407,6,3,5,5,1
50,63972.0,93,1269,5,4,10,4,1
60,75315.0,14,841,5,4,12,2,1
64,55517.0,53,633,11,1,6,9,2
57,75283.0,26,1019,6,3,5,4,3
68,82800.0,23,1315,7,6,12,3,0
60,38998.0,92,54,2,0,3,8,2
23,90638.0,29,2525,3,4,10,1,0
28,27161.0,41,52,1,0,3,7,1
37,42014.0,56,436,7,1,6,8,1
54,38201.0,19,268,5,1,5,8,1
32,45203.0,4,147,3,1,3,6,2
67,81574.0,89,1798,4,5,8,1,0
22,34935.0,71,137,2,1,4,7,0
38,60482.0,81,507,7,2,7,7,1
58,34633.0,31,15,1,0,2,6,3
67,78093.0,53,1105,4,7,5,1,0
64,82460.0,78,974,5,3,6,1,0
48,45903.0,80,66,2,1,3,4,1
27,81361.0,18,778,3,10,13,1,0
41,35860.0,37,49,1,1,2,5,2
62,40442.0,52,169,3,1,4,7,2
49,61482.0,39,299,3,2,6,2,0
34,34968.0,11,221,3,2,5,7,1
27,75794.0,33,1682,7,5,12,3,0
52,31497.0,22,155,3,1,4,8,1
59,74268.0,83,892,4,3,5,2,0
26,13724.0,43,58,2,0,2,9,1
49,45143.0,74,311,6,1,5,7,1
47,52569.0,54,95,2,0,4,3,1
41,48432.0,3,424,7,1,6,8,1
54,17144.0,96,47,3,0,4,7,2
30,36108.0,68,339,7,1,4,9,1
43,76445.0,2,1410,2,5,13,6,1
39,36663.0,40,35,1,1,3,2,1
49,53843.0,64,562,8,5,3,7,1
58,90226.0,26,2352,4,7,12,2,0
59,70638.0,69,1334,4,5,10,3,0
54,44512.0,57,32,1,0,3,4,2
53,27116.0,78,41,2,0,3,7,2
51,54072.0,71,39,2,0,2,8,2
37,71855.0,59,1141,5,5,11,3,1
24,51250.0,28,710,10,5,4,9,1
41,60432.0,61,401,7,2,5,6,1
50,65526.0,22,506,4,4,8,2,1
26,68655.0,95,1538,4,5,11,3,0
36,12393.0,38,57,2,0,3,9,0
24,64509.0,19,1722,6,3,9,4,0
39,33955.0,92,270,5,1,5,8,1
37,31353.0,24,31,1,1,2,8,2
30,55434.0,21,882,5,3,13,4,1
31,28359.0,35,16,1,0,2,7,1
27,57100.0,9,311,3,2,7,3,1
49,69139.0,23,227,4,1,5,4,1
58,52973.0,92,1152,9,6,9,8,1
49,51717.0,55,122,3,0,4,7,1
43,18793.0,14,77,2,0,4,8,1
32,66664.0,78,1289,5,7,6,3,0
55,50664.0,64,561,8,1,6,9,2
51,54414.0,49,211,3,1,5,4,2
62,54549.0,8,233,5,1,4,7,1
43,47111.0,35,1092,3,2,10,9,1
51,41003.0,11,601,6,2,8,6,0
32,19444.0,8,54,4,1,2,7,1
38,36301.0,53,78,3,0,3,7,1
67,73059.0,36,1095,9,3,13,4,1
45,42731.0,64,244,4,1,5,5,1
55,52854.0,43,116,2,1,4,5,2
36,22775.0,40,15,1,0,2,8,1
66,46681.0,52,425,4,6,4,5,2
59,59821.0,11,734,11,2,7,8,1
60,50002.0,21,638,8,2,7,7,1
69,69755.0,23,894,3,6,12,1,0
45,44078.0,17,41,2,0,3,5,2
38,30560.0,6,31,1,0,3,7,1
45,35924.0,56,34,1,0,3,5,2
50,64140.0,71,1750,2,5,6,5,2
33,56386.0,51,612,9,1,7,9,2
35,24594.0,94,29,1,0,3,5,1
33,75774.0,27,823,7,5,8,4,1
54,39228.0,1,20,0,0,3,4,0
40,58494.0,56,396,6,2,6,6,1
33,58684.0,71,813,5,3,12,2,0
47,57136.0,18,1179,7,5,7,6,0
64,56551.0,48,138,2,1,4,4,2
32,22448.0,86,55,2,1,3,3,1
53,82014.0,48,1511,3,6,12,6,0
51,34213.0,2,117,3,1,2,9,2
37,157146.0,13,1730,0,28,0,1,0
67,25358.0,57,32,1,0,3,6,1
36,35544.0,77,67,2,0,3,7,1
60,36634.0,0,335,5,2,5,7,1
60,62670.0,57,825,5,3,13,3,1
42,50334.0,24,694,7,4,6,6,1
33,72066.0,55,1792,4,6,6,2,0
56,50729.0,62,496,6,2,7,6,2
46,34916.0,89,231,5,1,3,9,2
38,64892.0,77,902,6,4,12,4,1
48,43602.0,45,68,3,1,2,6,2
25,33996.0,46,71,1,1,3,4,0
29,41473.0,80,76,2,0,3,7,1
47,63246.0,60,772,6,3,12,4,2
55,36732.0,71,47,1,1,4,2,2
44,69084.0,43,1586,7,3,13,8,1
47,77766.0,97,1529,11,10,11,6,1
29,37929.0,49,265,4,2,5,7,0
63,86610.0,66,1603,5,6,6,2,0
28,80141.0,20,2091,7,4,10,6,0
59,72635.0,54,981,6,8,6,3,0
44,69016.0,61,1533,8,9,13,5,1
23,20193.0,18,82,1,1,4,4,0
39,27573.0,45,244,5,1,4,8,1
35,15862.0,26,36,1,0,3,8,1
38,49544.0,0,404,5,1,8,7,1
34,33228.0,28,71,2,0,3,7,1
36,70440.0,49,1572,5,10,7,3,0
43,38232.0,84,122,3,1,3,5,2
59,22554.0,38,41,2,0,4,5,2
31,23536.0,53,10,0,0,3,3,1
62,49413.0,88,304,4,2,5,5,1
45,42231.0,99,37,1,0,3,5,2
34,78789.0,12,1754,4,6,5,2,0
46,56534.0,35,815,10,4,7,8,1
43,58350.0,5,1001,8,3,12,6,1
25,81217.0,77,1157,3,7,11,1,0
63,49090.0,45,688,7,2,9,7,1
27,61787.0,71,1319,8,4,6,5,0
29,18169.0,40,21,1,0,2,8,1
33,24336.0,82,31,1,0,2,7,1
24,18222.0,70,67,2,0,3,8,0
62,62335.0,87,708,3,3,13,2,1
43,42033.0,95,25,1,0,2,7,2
31,86580.0,72,746,4,2,5,1,0
57,41437.0,5,32,1,0,3,7,2
63,73705.0,86,1695,9,6,8,5,2
38,61064.0,80,1080,8,4,11,6,1
59,38452.0,62,72,3,0,3,7,2
25,18358.0,49,57,3,0,4,7,1
41,55012.0,85,660,8,2,9,5,1
41,9722.0,7,103,3,1,3,8,1
30,38175.0,6,153,3,1,4,7,1
58,58656.0,25,1220,7,8,13,6,1
49,52117.0,55,279,5,2,4,7,1
36,64813.0,81,745,7,2,10,5,1
41,54222.0,98,264,3,3,5,3,1
28,83512.0,31,2157,4,7,10,1,0
55,77520.0,30,1526,8,7,7,4,1
36,41154.0,98,69,1,0,4,5,1
48,80398.0,92,1597,5,8,12,3,0
22,18746.0,41,64,3,0,3,6,1
30,35196.0,68,497,6,1,5,8,1
58,60230.0,78,1067,6,3,6,5,1
37,22108.0,46,31,2,0,3,7,2
40,44392.0,71,211,4,1,4,7,2
38,55424.0,6,877,7,5,9,6,1
35,17688.0,82,11,1,0,2,8,1
31,92491.0,71,2034,7,5,12,3,0
23,90273.0,32,1991,5,6,7,2,0
52,82571.0,28,1686,6,5,13,2,0
32,38513.0,20,324,6,1,5,8,1
35,16653.0,10,69,2,1,3,6,1
59,42586.0,7,252,4,1,6,8,2
49,23529.0,67,54,1,1,2,6,1
53,74881.0,48,964,9,2,12,5,2
63,71107.0,61,1327,7,6,13,4,1
50,46910.0,36,68,2,0,3,6,2
55,18690.0,77,60,1,1,2,8,0
59,37244.0,90,55,1,1,2,7,2
48,82427.0,35,1456,3,5,12,1,0
56,75342.0,38,563,5,2,10,4,1
60,70044.0,46,1504,7,10,5,5,1
47,79146.0,33,564,8,1,8,6,2
51,77437.0,70,1125,4,5,13,1,0
55,54984.0,51,358,6,1,6,7,1
43,42403.0,18,42,1,0,3,8,1
50,55761.0,97,184,4,1,3,6,1
31,37292.0,32,460,6,3,5,8,1
69,45576.0,9,145,3,1,3,8,0
67,70321.0,6,1376,6,5,13,4,0
45,58086.0,80,792,11,3,7,8,1
62,81795.0,74,1382,4,11,7,2,0
67,28389.0,49,28,1,0,2,7,0
68,66835.0,21,1033,6,4,13,2,0
45,69901.0,95,882,7,3,10,5,1
65,80360.0,56,2231,4,4,5,2,0
53,63342.0,48,1101,8,3,5,6,1
40,44989.0,26,369,5,1,5,6,1
34,31859.0,3,48,1,0,3,7,1
65,51569.0,39,467,7,1,7,8,1
43,30372.0,33,44,2,0,3,7,2
35,16014.0,42,38,1,1,4,3,2
46,41120.0,80,81,2,1,3,6,2
43,39763.0,9,167,5,1,2,9,1
59,38725.0,52,45,1,0,4,4,2
42,77981.0,78,664,7,4,7,5,1
50,62905.0,68,622,7,2,8,4,1
35,13533.0,45,48,2,0,3,7,1
39,59481.0,47,461,3,3,8,2,1
37,72117.0,34,1073,9,7,9,5,1
28,21955.0,81,55,2,1,3,6,1
58,67131.0,72,976,9,2,12,6,1
34,36802.0,23,20,1,0,3,5,1
32,71853.0,29,1149,2,8,6,1,0
53,28249.0,80,43,2,0,3,6,0
39,47808.0,30,224,3,2,3,7,1
40,25509.0,15,101,3,0,3,9,1
68,51012.0,86,209,4,1,4,6,0
29,70596.0,68,968,3,5,12,2,0
62,85431.0,54,1165,2,7,7,0,0
47,42664.0,44,24,1,0,3,6,1
59,42586.0,7,252,4,1,6,8,2
29,29760.0,87,165,3,1,4,8,1
37,28973.0,59,269,5,1,5,8,0
41,39435.0,16,102,3,1,2,7,1
30,65370.0,1,461,2,3,13,1,0
35,20194.0,64,47,2,0,3,6,1
38,42473.0,72,144,2,1,4,5,2
46,64590.0,98,1338,9,4,10,6,0
55,71232.0,91,917,11,2,10,7,1
43,34600.0,8,318,5,2,5,8,2
47,46904.0,20,253,5,1,4,8,2
41,49094.0,6,502,6,3,6,6,1
31,36075.0,54,119,2,0,4,6,1
35,60839.0,72,1250,2,2,12,8,2
35,77298.0,46,969,6,6,11,3,1
64,34026.0,11,76,2,1,3,5,2
51,48918.0,21,62,1,0,4,4,2
52,82122.0,89,1382,3,9,13,1,0
38,37697.0,82,84,2,1,3,6,1
62,34074.0,69,255,3,3,3,6,2
54,28520.0,55,43,1,1,2,6,2
59,62535.0,13,398,3,2,8,3,1
37,36273.0,80,76,3,0,3,6,1
50,63404.0,97,902,6,3,4,4,2
33,75774.0,27,823,7,5,8,4,1
38,78416.0,99,1179,7,7,10,3,1
40,75702.0,87,1921,10,5,13,6,1
63,59385.0,85,185,3,1,4,5,2
48,37070.0,30,433,5,1,8,7,2
63,44689.0,82,34,1,1,2,7,2
56,53977.0,21,907,5,5,12,5,1
48,7144.0,92,416,23,1,1,0,2
50,18701.0,95,44,2,0,4,5,2
58,90369.0,2,1588,4,6,6,1,0
40,63159.0,74,1797,3,5,8,3,0
48,37758.0,49,40,1,0,3,8,2
51,46757.0,71,1143,4,4,7,9,1
45,79734.0,72,914,4,3,6,1,0
22,63207.0,68,1502,2,3,6,7,0
60,72071.0,4,1338,5,4,8,2,1
31,21840.0,80,27,1,0,3,9,1
32,58582.0,15,763,9,2,9,5,1
63,72282.0,70,1331,5,7,9,7,0
58,50387.0,91,525,6,2,8,5,2
53,32583.0,10,9,1,0,2,7,2
52,62568.0,99,953,5,3,5,4,1
43,44635.0,25,68,2,0,3,7,2
43,33316.0,34,131,2,1,4,6,2
46,63967.0,57,882,4,4,12,2,1
36,52513.0,84,1149,9,5,9,7,0
45,25293.0,51,37,1,1,2,8,1
49,54111.0,97,388,5,2,6,5,1
28,78394.0,13,1428,4,6,5,2,0
56,80739.0,92,1633,3,11,9,1,0
39,22669.0,30,173,4,1,2,9,1
27,29236.0,30,99,4,0,3,9,1
55,44911.0,11,215,4,1,4,7,1
52,54693.0,72,929,6,4,13,6,1
40,48186.0,39,219,4,1,4,7,1
37,54809.0,0,174,2,1,5,4,2
36,41580.0,15,92,2,1,3,5,2
44,80336.0,12,1052,2,9,13,1,0
57,47743.0,56,275,4,1,6,6,1
59,62972.0,39,587,7,4,3,6,1
60,57333.0,55,1662,8,5,9,6,1
32,32313.0,60,159,4,0,4,9,1
61,84953.0,73,1024,3,10,4,2,0
46,27071.0,90,35,2,0,3,6,1
57,68148.0,86,1042,4,4,6,2,0
49,65735.0,37,395,6,2,6,7,2
39,86836.0,7,557,6,10,6,5,0
51,4023.0,29,9,0,0,0,19,2
24,30093.0,19,69,2,0,3,7,0
48,57705.0,14,486,8,1,6,6,1
26,25008.0,72,34,1,0,3,8,1
19,83257.0,56,1365,5,10,12,6,0
39,22280.0,85,13,1,0,2,8,1
36,72159.0,62,1401,4,6,10,2,0
53,64260.0,1,1574,4,5,4,3,0
30,82733.0,28,1323,8,4,7,4,0
43,74290.0,70,1217,10,8,10,6,1
63,58217.0,84,103,2,0,4,6,3
38,21024.0,89,84,2,0,4,7,0
42,70116.0,73,1536,2,8,12,1,0
29,54006.0,42,581,8,1,7,7,1
48,69063.0,16,928,5,3,5,3,1
39,11448.0,16,14,1,0,2,6,0
35,61825.0,56,424,4,2,8,4,1
43,70886.0,65,960,5,4,4,2,1
32,69109.0,10,1555,6,6,7,4,0
41,60208.0,13,656,8,3,7,7,2
46,32889.0,78,55,2,1,3,5,2
30,34738.0,51,20,1,0,3,6,1
43,30538.0,27,367,9,0,4,10,1
37,82326.0,30,2257,5,10,6,2,0
47,26642.0,71,42,2,0,3,6,1
50,69932.0,97,1049,7,6,11,4,1
42,44503.0,83,48,2,0,3,6,2
66,60200.0,3,685,6,2,11,6,1
62,49638.0,71,39,1,0,3,2,1
27,23830.0,3,43,1,0,3,7,0
55,33051.0,15,835,9,1,8,9,0
56,72905.0,52,1515,3,7,9,1,0
63,69702.0,8,1039,7,7,10,4,1
39,70300.0,89,1596,5,5,13,8,1
30,70643.0,66,1828,5,8,4,6,0
45,30396.0,22,34,1,1,2,7,1
46,50616.0,56,149,4,0,4,7,1
45,62772.0,74,946,5,6,11,2,1
29,30298.0,48,28,1,1,3,3,0
30,52413.0,67,450,7,1,7,7,1
57,44155.0,24,46,1,1,2,4,2
43,86979.0,67,1702,5,5,5,2,0
39,76532.0,38,820,9,5,7,5,2
32,42081.0,86,382,6,3,4,6,1
26,67546.0,90,2126,4,10,5,3,0
25,88420.0,87,2069,4,7,8,1,0
29,31158.0,62,72,2,0,3,8,1
46,61671.0,23,732,10,4,6,8,1
40,69719.0,99,801,2,3,5,1,0
65,49160.0,29,236,3,1,6,6,1
36,24882.0,52,80,1,1,2,6,1
60,90933.0,90,1685,4,6,4,1,0
69,113734.0,9,277,27,0,0,1,0
64,59292.0,71,507,3,5,8,3,1
50,45759.0,13,68,2,0,3,7,2
31,22148.0,16,49,1,0,3,7,0
27,73395.0,94,397,4,4,6,2,0
43,29819.0,77,39,3,0,3,6,1
46,45688.0,20,306,3,1,8,4,1
60,62820.0,51,976,3,4,6,1,0
43,60491.0,81,1028,6,11,7,5,1
28,33235.0,71,70,3,0,3,7,1
55,35701.0,36,46,1,0,3,6,0
34,31535.0,95,51,1,1,2,7,1
54,92556.0,32,1263,3,5,13,0,0
44,67384.0,32,1490,7,8,5,5,1
43,80573.0,85,1564,4,6,13,2,0
47,77870.0,93,1815,5,5,5,8,1
51,52278.0,24,1198,10,5,10,8,1
46,57107.0,44,416,4,4,8,8,1
24,18929.0,15,85,1,0,4,6,0
33,36038.0,82,47,3,0,3,6,1
38,20180.0,27,137,2,1,4,7,0
49,34230.0,72,21,1,0,2,7,2
37,31878.0,7,70,1,0,4,3,1
42,70932.0,57,909,6,2,12,3,1
58,91249.0,84,1676,7,9,6,4,0
71,77598.0,53,1735,7,5,13,3,0
55,80982.0,48,1191,11,5,11,5,2
37,22701.0,2,24,1,0,3,5,1
45,55212.0,65,1182,4,2,11,8,1
44,70617.0,45,1280,3,3,7,2,0
57,64849.0,42,1336,9,3,6,5,0
49,62694.0,29,749,9,3,7,7,2
40,61917.0,83,91,2,0,4,5,2
67,67472.0,93,414,4,2,7,3,1
32,21059.0,40,44,3,0,3,6,1
46,29543.0,47,63,3,1,2,7,2
63,75903.0,50,901,6,6,9,3,1
39,34984.0,40,38,1,0,3,7,2
58,54998.0,3,455,4,2,9,4,1
65,54356.0,62,775,11,2,8,8,1
55,34242.0,25,15,0,0,3,5,1
41,25410.0,48,38,1,0,4,4,1
30,73356.0,56,1512,5,11,5,2,0
64,28320.0,68,43,1,0,3,8,1
37,23763.0,64,42,1,0,3,7,1
30,72570.0,67,1089,4,6,12,1,0
38,34529.0,94,162,2,2,3,7,1
63,70792.0,82,1272,3,4,10,3,0
32,63211.0,3,1173,3,8,7,2,0
40,83891.0,24,816,4,7,10,1,1
46,36065.0,54,74,3,0,3,8,2
60,39898.0,20,134,3,0,4,7,1
74,51141.0,96,157,3,1,4,5,0
38,56939.0,19,561,3,3,10,3,1
63,80872.0,60,1336,4,4,10,1,0
38,72335.0,2,2092,10,4,8,8,0
50,61798.0,13,463,4,2,9,4,0
64,76842.0,37,1130,1,8,7,0,0
38,29478.0,59,20,1,0,3,6,1
58,46998.0,55,377,5,3,5,7,1
24,96843.0,60,1544,6,11,10,2,0
64,56551.0,48,138,2,1,4,4,2
49,70053.0,38,1012,8,5,10,5,1
52,71670.0,8,1766,5,3,6,6,0
36,44359.0,19,45,2,0,4,3,2
62,40887.0,32,161,3,1,3,9,2
48,48877.0,27,144,3,0,4,7,1
67,74485.0,58,1734,6,7,12,3,0
42,64474.0,59,823,8,2,10,5,1
51,77226.0,29,1138,6,8,12,3,1
65,72643.0,60,1429,3,10,7,2,0
36,85738.0,41,1371,3,6,11,1,0
48,55686.0,27,982,6,3,5,4,1
31,39062.0,28,44,1,0,3,4,1
43,34600.0,8,318,5,2,5,8,2
39,40794.0,18,434,6,3,5,7,1
43,54690.0,76,198,3,1,5,3,2
45,4428.0,0,359,25,0,0,1,1
51,32632.0,32,576,4,4,8,5,0
46,38236.0,2,88,3,0,4,7,2
35,36781.0,16,63,2,1,2,8,1
30,31385.0,56,27,1,0,2,8,1
30,24570.0,97,193,4,0,4,9,1
40,25509.0,15,101,3,0,3,9,1
63,94642.0,35,2211,5,7,9,1,0
52,58646.0,3,140,2,1,4,4,1
39,53201.0,49,415,6,3,5,7,2
57,21994.0,4,22,0,0,3,5,1
36,57113.0,45,263,4,1,5,7,2
23,51373.0,37,393,3,5,3,4,0
28,23477.0,39,147,3,0,4,8,1
58,58116.0,38,443,3,3,8,2,1
51,72968.0,8,1958,5,5,8,3,0
43,39791.0,89,174,3,1,4,7,1
67,91712.0,47,2217,9,7,11,3,0
56,94472.0,75,1691,5,5,5,5,1
54,13672.0,86,25,1,0,3,8,2
34,96547.0,4,809,7,6,8,2,0
39,79205.0,73,895,6,5,4,4,0
39,56559.0,46,484,4,3,8,4,1
41,32644.0,38,413,7,1,6,8,1
34,67506.0,73,331,4,1,6,3,1
44,24206.0,66,25,1,0,3,6,1
47,28420.0,36,13,1,0,2,6,1
44,22979.0,29,115,3,2,2,8,1
48,33279.0,29,16,0,0,3,3,0
42,46423.0,6,92,2,0,4,7,2
37,30368.0,97,52,2,0,3,8,1
44,63684.0,61,1464,8,4,8,5,1
50,41638.0,68,441,5,5,3,8,1
55,68805.0,73,283,3,1,7,2,1
48,65814.0,90,747,8,2,10,5,1
56,71964.0,81,1870,5,6,5,3,0
28,39146.0,1,165,4,0,4,8,1
37,96876.0,79,1941,7,7,9,2,0
33,34445.0,92,839,11,2,8,9,0
56,68281.0,31,1655,2,9,13,5,0
39,37284.0,46,23,0,0,3,6,2
31,36790.0,14,66,2,1,2,9,0
47,27943.0,89,37,2,0,3,8,2
63,22263.0,31,21,1,0,3,6,2
42,30261.0,75,22,0,0,3,8,3
36,28587.0,42,78,2,0,4,6,1
32,43815.0,53,79,2,0,3,6,1
58,48195.0,53,265,4,2,5,6,2
62,77027.0,23,1175,8,3,6,4,1
49,71322.0,57,1305,8,5,13,4,1
35,32765.0,49,46,2,0,4,5,1
49,29672.0,6,25,0,0,3,6,2
61,23272.0,29,46,1,0,3,4,0
65,49912.0,5,874,10,5,7,8,1
29,7500.0,98,100,2,1,3,9,1
67,68117.0,80,930,11,8,4,6,1
59,67225.0,4,868,7,2,11,5,1
38,17649.0,70,45,3,0,3,8,1
39,55914.0,32,1260,11,6,8,7,1
30,40059.0,82,414,6,2,3,8,1
64,60905.0,27,392,3,3,7,2,1
37,75330.0,94,1109,10,3,12,6,2
63,60689.0,23,639,4,4,10,3,1
30,38680.0,97,79,2,0,3,7,1
32,61416.0,25,1665,10,3,10,6,0
23,49767.0,92,692,5,4,8,4,0
44,83273.0,98,1392,4,6,9,7,3
33,29009.0,19,44,2,0,3,6,1
35,45057.0,80,50,2,0,3,5,1
43,37150.0,80,467,4,3,6,7,1
44,43020.0,79,223,4,1,4,6,1
55,53154.0,50,158,3,1,4,4,1
41,65308.0,60,1211,7,8,12,4,0
44,76467.0,44,1575,2,5,5,6,1
67,81044.0,0,1208,5,6,10,1,0
63,32871.0,28,43,1,0,3,4,2
39,55801.0,35,527,7,2,6,7,2
55,76320.0,49,932,6,3,4,2,1
59,36927.0,46,71,3,0,3,8,2
61,48794.0,97,54,1,0,3,4,2
49,23478.0,51,129,3,0,3,8,0
41,71128.0,80,1615,2,10,12,7,1
38,70179.0,10,1034,7,3,13,5,1
64,59462.0,29,1088,9,2,12,7,1
45,51371.0,52,721,4,10,4,3,2
45,38361.0,74,137,3,1,3,7,1
33,51371.0,82,47,3,0,3,6,1
32,70038.0,54,1244,4,4,8,2,0
36,42554.0,93,41,2,0,3,4,2
40,67445.0,63,1174,9,6,12,6,1
63,67046.0,92,993,4,5,4,2,1
66,42192.0,40,100,2,1,3,4,0
62,77610.0,70,1680,4,7,4,7,1
30,31761.0,96,98,3,0,4,5,1
35,34350.0,81,48,1,0,3,7,1
65,54591.0,63,519,6,2,8,5,1
58,71866.0,85,715,6,3,10,3,1
45,25293.0,51,37,1,1,2,8,1
27,42000.0,23,653,5,2,11,5,0
31,69520.0,95,1455,9,6,5,5,0
44,64713.0,11,602,5,5,7,4,1
37,27889.0,42,26,1,1,2,6,1
54,22123.0,77,102,2,1,3,5,0
43,51371.0,82,97,2,1,3,8,2
60,51371.0,83,207,4,1,4,6,1
41,27803.0,40,176,3,0,4,8,1
59,51371.0,95,450,6,1,5,7,1
54,51651.0,32,433,6,2,5,8,1
26,68487.0,48,1366,9,7,13,4,0
71,51371.0,75,1564,5,5,11,1,0
45,56796.0,24,1001,8,9,7,7,1
22,87000.0,61,961,4,6,7,2,0
55,79823.0,6,1518,6,9,7,2,1
34,30828.0,16,56,1,1,4,3,1
43,34109.0,39,22,0,0,3,4,1
40,53367.0,2,400,5,1,8,7,2
45,22390.0,49,26,1,0,2,7,0
38,71322.0,31,350,4,1,7,2,1
21,79244.0,58,1216,4,10,7,1,0
65,49912.0,5,874,10,5,7,8,1
64,48699.0,90,40,1,0,3,5,2
39,80144.0,47,1367,3,7,8,1,0
58,54252.0,25,264,4,1,5,6,2
38,81929.0,60,2053,4,4,10,6,1
39,76068.0,67,1376,2,3,4,6,1
38,53204.0,40,45,1,0,3,4,2
65,67911.0,63,976,6,7,11,3,1
30,14796.0,1,51,1,0,3,9,1
40,78128.0,89,1264,8,4,6,3,1
42,14188.0,40,75,2,0,4,6,0
28,20425.0,5,57,2,0,3,7,1
52,58646.0,3,140,2,1,4,4,1
44,72967.0,1,497,7,2,8,5,1
65,48150.0,24,266,5,1,4,7,1
53,82332.0,89,2006,5,3,12,2,0
59,58275.0,48,615,8,2,7,7,2
33,44953.0,31,1021,7,3,13,6,0
61,34587.0,68,22,1,0,3,4,2
40,43018.0,46,133,2,2,2,5,1
60,45736.0,92,437,7,1,6,7,1
45,66476.0,80,1013,6,8,10,4,1
33,27733.0,16,57,2,0,3,7,1
62,69805.0,50,1038,6,8,11,2,1
52,72217.0,93,1573,3,10,8,2,0
43,25818.0,51,28,0,1,2,7,1
38,37509.0,24,123,3,0,4,7,1
38,25176.0,79,13,1,0,2,7,2
34,43586.0,26,132,3,0,4,8,1
58,53230.0,86,732,5,2,12,5,1
57,50116.0,68,66,1,0,4,5,2
42,84906.0,98,1631,5,6,12,2,0
48,61286.0,34,608,7,1,8,5,1
28,82333.0,60,1822,4,3,10,2,0
49,65220.0,3,1282,8,4,7,6,0
40,33590.0,65,8,1,0,2,7,3
38,30992.0,83,43,1,0,3,7,1
38,72309.0,64,1931,5,6,8,3,0
65,156924.0,85,8,0,0,0,0,0
34,16005.0,69,103,2,1,2,8,1
57,65487.0,48,1169,3,5,6,2,0
49,58692.0,21,395,8,2,4,7,1
45,40590.0,30,258,3,4,3,6,2
44,20587.0,39,25,1,1,2,7,1
60,62637.0,76,185,2,2,5,2,1
48,29435.0,11,180,3,2,2,9,2
40,19346.0,26,22,1,0,3,8,1
43,35788.0,34,44,2,0,3,6,2
46,36997.0,72,94,2,1,4,5,2
57,23539.0,13,81,2,0,4,6,0
41,65333.0,58,798,9,4,8,6,1
57,78499.0,12,1334,11,3,4,4,0
43,29732.0,23,38,2,0,2,9,1
54,41275.0,33,61,3,1,3,5,3
41,63516.0,30,300,4,1,7,5,2
52,42769.0,15,88,1,1,4,4,1
56,49572.0,25,54,2,0,3,7,2
42,69209.0,4,1782,5,3,6,4,0
38,17148.0,80,68,3,1,3,8,1
45,40590.0,30,258,3,4,3,6,2
38,30560.0,6,31,1,0,3,7,1
31,32146.0,16,66,2,0,4,6,1
50,41713.0,57,174,3,1,4,6,2
39,34176.0,9,28,1,0,3,3,1
59,58482.0,59,731,7,4,9,6,1
49,59686.0,78,274,4,1,6,4,1
50,60896.0,90,1701,9,10,4,6,1
34,62994.0,74,312,6,2,4,6,1
57,47320.0,10,414,5,1,8,6,1
65,74859.0,63,1565,6,5,11,3,0
22,15253.0,13,29,1,0,3,7,1
40,31560.0,98,94,2,1,3,8,1
60,72071.0,4,1338,5,4,8,2,1
24,91172.0,94,1092,4,3,7,3,0
30,90000.0,91,1479,4,8,5,1,0
33,41967.0,66,54,1,0,3,4,2
49,69263.0,14,568,9,1,7,6,1
44,65706.0,77,1199,11,3,12,7,0
39,60934.0,41,873,6,4,11,4,1
63,71965.0,21,1213,6,3,5,3,1
59,65210.0,25,731,9,3,8,6,1
39,79174.0,2,2043,5,6,7,2,0
47,81380.0,51,1893,4,2,10,2,0
41,48432.0,3,424,7,1,6,8,1
43,52914.0,32,575,7,3,3,7,1
59,38946.0,84,257,3,1,6,5,1
40,26067.0,49,56,3,0,3,8,1
42,44325.0,69,542,8,2,7,8,1
50,42523.0,96,125,1,1,4,2,0
36,26487.0,23,69,2,1,3,5,1
57,53233.0,18,40,1,0,3,4,1
54,67716.0,8,1016,7,4,13,5,1
42,76234.0,21,907,8,3,11,3,1
58,84117.0,60,1566,7,10,6,2,0
57,65487.0,48,1169,3,5,6,2,0
42,25224.0,36,46,1,1,3,3,1
31,89616.0,36,1644,7,5,12,2,0
43,40851.0,63,59,1,1,2,7,2
67,27469.0,2,17,0,0,3,6,0
57,82347.0,38,1853,7,7,10,3,0
57,73803.0,61,1528,9,5,6,6,1
62,8820.0,52,35,3,0,3,8,2
40,43322.0,25,141,3,0,4,7,0
41,55593.0,63,546,6,6,3,6,1
60,50501.0,10,500,5,4,4,6,2
39,37085.0,65,61,3,0,3,8,2
24,16185.0,71,106,2,2,2,8,1
45,57731.0,0,704,8,8,6,6,1
41,48432.0,3,424,7,1,6,8,1
36,73807.0,88,849,5,5,11,2,1
24,18929.0,15,85,1,0,4,6,0
46,35893.0,80,199,3,1,5,8,2
34,61014.0,17,1147,9,3,4,7,1
60,32144.0,76,54,2,1,3,7,2
51,14918.0,52,43,1,0,3,6,1
51,45146.0,28,53,1,1,2,4,2
59,41769.0,31,521,8,1,7,8,1
33,88325.0,42,1623,6,2,9,2,0
64,38054.0,24,45,2,0,3,7,2
19,80617.0,42,1435,4,6,8,2,0
38,5305.0,12,32,1,0,0,13,1
60,36807.0,88,16,1,0,2,6,2
31,28427.0,67,52,2,0,3,8,1
66,82032.0,54,1234,4,6,7,1,0
36,22775.0,40,15,1,0,2,8,1
29,40101.0,73,415,6,1,6,7,1
35,58025.0,81,470,3,2,10,4,1
32,75777.0,12,1438,3,6,11,1,0
35,7500.0,7,53,3,2,2,7,1
51,33562.0,33,51,2,0,4,4,3
44,57642.0,24,679,7,6,6,4,1
46,58554.0,55,586,8,2,6,7,2
35,63777.0,87,653,11,1,6,8,2
52,57967.0,39,468,4,2,8,5,1
36,51371.0,53,1679,0,0,1,0,0
42,24434.0,9,50,2,1,2,7,2
30,11012.0,82,84,3,1,2,9,1
44,44802.0,71,1049,9,4,12,8,0
28,26816.0,50,22,0,0,3,4,0
37,51371.0,23,62,3,1,3,6,1
40,34421.0,81,30,1,0,2,7,1
47,61223.0,46,1341,9,3,4,5,1
68,64014.0,56,444,8,2,5,7,3
33,56981.0,91,1241,2,3,13,6,0
58,69245.0,8,843,6,5,10,3,1
60,52869.0,40,172,3,1,4,7,2
